asset_tag,asset_name,category,status,location,item_lifespan,disposal_method,acquisition_date
IL-LTP-N/A-001,LAPTOP (ACER),LAPTOP (ACER),In Storage,PAD,5,,
IL-LTP-N/A-002,LAPTOP (ACER),LAPTOP (ACER),Assigned,ROOM 306,5,,
IL-LTP-N/A-003,LAPTOP (LENOVO),LAPTOP (LENOVO),Assigned,303/BRIEFING,5,,
IL-LTP-N/A-004,LAPTOP (HP),LAPTOP (HP),Assigned,ROOM302/CARGO,5,,
IL-LTP-N/A-005,LAPTOP (HP),LAPTOP (HP),Assigned,ROOM302/CARGO,5,,
IL-LTP-N/A-006,LAPTOP (HP),LAPTOP (HP),Assigned,ROOM302/CARGO,5,,
IL-LTP-N/A-007,LAPTOP (HP),LAPTOP (HP),Assigned,ROOM302/CARGO,5,,
IL-LTP-N/A-008,LAPTOP (HP),LAPTOP (HP),Assigned,ROOM302/CARGO,5,,
IL-LTP-N/A-009,LAPTOP (HP),LAPTOP (HP),Assigned,ROOM302/CARGO,5,,
IL-LTP-N/A-010,LAPTOP (ACER),LAPTOP (ACER),Assigned,ROOM 201,5,,
IL-LTP-N/A-011,LAPTOP(ACER),LAPTOP(ACER),Assigned,TRAINING/ONLINE,5,,
IL-LTP-N/A-012,LAPTOP(ACER),LAPTOP(ACER),Assigned,TRAINING/ONLINE,5,,
IL-LTP-N/A-013,LAPTOP (ACER),LAPTOP (ACER),Assigned,TRAINING,5,,
IL-LTP-N/A-014,LAPTOP (ACER),LAPTOP (ACER),Assigned,Core Service Manager,5,,
IL-LTP-N/A-015,LAPTOP (DELL),LAPTOP (DELL),Assigned,101/LCHS,5,,
IL-LTP-N/A-016,LAPTOP (ACER),LAPTOP (ACER),Assigned,101/LCHS,5,,
IL-LTP-N/A-017,LAPTOP (ACER),LAPTOP (ACER),Assigned,101/LCHS,5,,
IL-LTP-N/A-018,LAPTOP (DELL),LAPTOP (DELL),Assigned,101/LCHS,5,,
IL-LTP-N/A-019,LAPTOP (DELL),LAPTOP (DELL),Assigned,101/LCHS,5,,
IL-LTP-N/A-020,LAPTOP (DELL),LAPTOP (DELL),Assigned,101/LCHS,5,,
IL-LTP-N/A-021,LAPTOP (ACER),LAPTOP (ACER),Assigned,101/LCHS,5,,
IL-LTP-2024-022,LAPTOP (ACER),LAPTOP (ACER),Assigned,Core Service Manager,5,,
IL-LTP-N/A-023,Laptop(ACER),Laptop(ACER),Assigned,Quality Assurance,5,,
IL-LTP-N/A-024,Laptop(Lenovo),Laptop(Lenovo),Assigned,Admin,5,,
IL-LTP-N/A-025,LAPTOP(ACER),LAPTOP(ACER),Assigned,TD SUPERVISOR,5,,
IL-LTP-N/A-026,Laptop(ACER),Laptop(ACER),Assigned,Service Support,5,,
IL-LTP-N/A-027,Laptop(ASUS),Laptop(ASUS),Assigned,Registration,5,,
IL-LTP-N/A-028,Laptop(Lenovo),Laptop(Lenovo),Assigned,MARKETING,5,,
IL-LTP-N/A-029,Laptop(ASUS),Laptop(ASUS),Assigned,MARKETING,5,,
IL-LTP-N/A-030,Laptop(ACER),Laptop(ACER),Assigned,MARKETING,5,,
IL-LTP-N/A-031,LAPTOP(ACER),LAPTOP(ACER),Assigned,MARKETING,5,,
IL-LTP-N/A-032,Laptop(ACER),Laptop(ACER),Assigned,HR,5,,
IL-LTP-N/A-033,Laptop(Lenovo),Laptop(Lenovo),Assigned,Finance,5,,
IL-LTP-N/A-034,Laptop(ACER),Laptop(ACER),Assigned,Registration,5,,
IL-LTP-N/A-035,Laptop(ACER),Laptop(ACER),Assigned,Registration,5,,
IL-LTP-N/A-036,LAPTOP(Lenovo),LAPTOP(Lenovo),Assigned,REGISTRATION,5,,
IL-LTP-N/A-037,LAPTOP(Dell),LAPTOP(Dell),Assigned,REGISTRATION,5,,
PO-LTP-N/A-002,Laptop(ACER),Laptop(ACER),Assigned,ADMIN POTOTAN SITE,5,,
PO-LTP-N/A-001,LAPTOP(Dell),LAPTOP(Dell),Assigned,ADMIN POTOTAN SITE,5,,
PO-LTP-N/A-004,Laptop(ACER),Laptop(ACER),Assigned,ADMIN POTOTAN SITE,5,,
PO-LTP-N/A-003,Laptop(LENOVO),Laptop(LENOVO),Assigned,ADMIN POTOTAN SITE,5,,
IL-LTP-N/A-042,Laptop(LENOVO),Laptop(LENOVO),Assigned,Finance,5,,
IL-LTP-N/A-043,Laptop(???),Laptop(???),Assigned,MARKETING,5,,
IL-MTR-N/A-001,Monitor (ACER),Monitor (ACER),Assigned,PAD DEPT,5,,
IL-MTR-N/A-002,Monitor (DELL),Monitor (DELL),Assigned,PAD DEPT,5,,
IL-MTR-N/A-003,Monitor (NVISION),Monitor (NVISION),Assigned,ROOM 302,5,,
IL-MTR-N/A-004,Monitor (AOC),Monitor (AOC),Assigned,ROOM 203,5,,
IL-MTR-N/A-005,Monitor (BENQ),Monitor (BENQ),Assigned,ROOM 204,5,,
IL-MTR-N/A-006,MONITOR (DELL),MONITOR (DELL),Assigned,ERS INSTRUCTOR,5,,
IL-MTR-N/A-007,MONITOR(DELL),MONITOR(DELL),Assigned,ERS INSTRUCTOR,5,,
IL-MTR-N/A-008,MONITOR (DELL),MONITOR (DELL),Assigned,ERS Station 1,5,,
IL-MTR-N/A-009,MONITOR (DELL),MONITOR (DELL),Assigned,ERS Station 1,5,,
IL-MTR-N/A-010,Monitor (DELL),Monitor (DELL),Assigned,ERS Station 2,5,,
IL-MTR-N/A-011,Monitor (DELL),Monitor (DELL),Assigned,ERS Station 2,5,,
IL-MTR-N/A-012,Monitor (DELL),Monitor (DELL),Assigned,ERS Station 3,5,,
IL-MTR-N/A-013,Monitor (DELL),Monitor (DELL),Assigned,ERS Station 3,5,,
IL-MTR-N/A-014,Monitor (DELL),Monitor (DELL),Assigned,ERS Station 4,5,,
IL-MTR-N/A-015,Monitor (DELL),Monitor (DELL),Assigned,ERS Station 4,5,,
IL-MTR-N/A-016,Monitor (DELL),Monitor (DELL),Assigned,ERS Station 5,5,,
IL-MTR-N/A-017,Monitor (DELL),Monitor (DELL),Assigned,ERS Station 5,5,,
IL-MTR-N/A-018,Monitor (DELL),Monitor (DELL),Assigned,ERS Station 6,5,,
IL-MTR-N/A-019,Monitor (DELL),Monitor (DELL),Assigned,ERS Station 6,5,,
IL-MTR-N/A-020,Monitor (AOC),Monitor (AOC),Assigned,ERS Station 7,5,,
IL-MTR-N/A-021,Monitor (AOC),Monitor (AOC),Assigned,ERS Station 7,5,,
IL-MTR-N/A-022,Monitor (INPLAY),Monitor (INPLAY),Assigned,ERS Station 8,5,,
IL-MTR-N/A-023,Monitor (INPLAY),Monitor (INPLAY),Assigned,ERS Station 8,5,,
IL-MTR-N/A-024,MONITOR (AOC),MONITOR (AOC),Assigned,ERS Station 8,5,,
IL-MTR-N/A-025,MONITOR (AOC),MONITOR (AOC),Assigned,ERS Station 8,5,,
IL-MTR-N/A-026,MONITOR (ACER),MONITOR (ACER),Assigned,INSTRUCTOR BRIDGE,5,,
IL-MTR-N/A-027,MONITOR (ACER),MONITOR (ACER),Assigned,INSTRUCTOR BRIDGE,5,,
IL-MTR-N/A-028,MONITOR (ACER),MONITOR (ACER),Assigned,INSTRUCTOR BRIDGE,5,,
IL-MTR-N/A-029,MONITOR (ACER),MONITOR (ACER),Assigned,INSTRUCTOR BRIDGE,5,,
IL-MTR-N/A-030,MONITOR (ACER),MONITOR (ACER),Assigned,INSTRUCTOR BRIDGE,5,,
IL-MTR-N/A-031,MONITOR (AOC),MONITOR (AOC),Assigned,INSTRUCTOR BRIDGE,5,,
IL-MTR-N/A-032,MONITOR (AOC),MONITOR (AOC),Assigned,INSTRUCTOR BRIDGE,5,,
IL-MTR-N/A-033,MONITOR (AOC),MONITOR (AOC),Assigned,INSTRUCTOR BRIDGE,5,,
IL-MTR-N/A-034,MONITOR (AOC),MONITOR (AOC),Assigned,INSTRUCTOR BRIDGE,5,,
IL-MTR-N/A-035,MONITOR (DELL),MONITOR (DELL),Assigned,BRIDGE 1,5,,
IL-MTR-N/A-036,MONITOR (DELL),MONITOR (DELL),Assigned,BRIDGE 1,5,,
IL-MTR-N/A-037,MONITOR (DELL),MONITOR (DELL),Assigned,BRIDGE 1,5,,
IL-MTR-N/A-038,MONITOR (DELL),MONITOR (DELL),Assigned,BRIDGE 2,5,,
IL-MTR-N/A-039,MONITOR (DELL),MONITOR (DELL),Assigned,BRIDGE 2,5,,
IL-MTR-N/A-040,MONITOR (DELL),MONITOR (DELL),Assigned,BRIDGE 3,5,,
IL-MTR-N/A-041,MONITOR (DELL),MONITOR (DELL),Assigned,BRIDGE 3,5,,
IL-MTR-N/A-042,MONITOR (DELL),MONITOR (DELL),Assigned,BRIDGE 3,5,,
IL-MTR-N/A-043,MONITOR (DELL),MONITOR (DELL),Assigned,BRIDGE 4,5,,
IL-MTR-N/A-044,MONITOR (DELL),MONITOR (DELL),Assigned,BRIDGE 4,5,,
IL-MTR-N/A-045,MONITOR (DELL),MONITOR (DELL),Assigned,BRIDGE 4,5,,
IL-MTR-N/A-046,MONITOR (DELL),MONITOR (DELL),Assigned,BRIDGE 5,5,,
IL-MTR-N/A-047,MONITOR (DELL),MONITOR (DELL),Assigned,BRIDGE 5,5,,
IL-MTR-N/A-048,MONITOR (DELL),MONITOR (DELL),Assigned,BRIDGE 5,5,,
IL-MTR-N/A-049,MONITOR(AOC),MONITOR(AOC),Assigned,FMB,5,,
IL-MTR-N/A-050,MONITOR(AOC),MONITOR(AOC),Assigned,FMB,5,,
IL-MTR-N/A-051,MONITOR(AOC),MONITOR(AOC),Assigned,FMB,5,,
IL-MTR-N/A-052,MONITOR(AOC),MONITOR(AOC),Assigned,FMB,5,,
IL-MTR-N/A-053,MONITOR(AOC),MONITOR(AOC),Assigned,FMB,5,,
IL-MTR-N/A-054,MONITOR(AOC),MONITOR(AOC),Assigned,FMB,5,,
IL-MTR-N/A-055,MONITOR (AOC),MONITOR (AOC),Assigned,TRAINING,5,,
IL-MTR-N/A-056,MONITOR (AOC),MONITOR (AOC),Assigned,TRAINING,5,,
IL-MTR-N/A-057,MONITOR (AOC),MONITOR (AOC),Assigned,ROOM 101,5,,
IL-MTR-N/A-058,MONITOR (AOC),MONITOR (AOC),Assigned,ROOM 102,5,,
IL-MTR-N/A-059,MONITOR (AOC),MONITOR (AOC),Assigned,ROOM 103,5,,
IL-MTR-N/A-060,MONITOR (NVSION),MONITOR (NVSION),Assigned,ROOM103/LCHS,5,,
IL-MTR-N/A-061,MONITOR (NVSION),MONITOR (NVSION),Assigned,ROOM103/LCHS,5,,
IL-MTR-N/A-062,MONITOR (NVSION),MONITOR (NVSION),Assigned,ROOM103/LCHS,5,,
IL-MTR-N/A-063,MONITOR (NVSION),MONITOR (NVSION),Assigned,ROOM103/LCHS,5,,
IL-MTR-N/A-064,MONITOR (NVSION),MONITOR (NVSION),Assigned,ROOM103/LCHS,5,,
IL-MTR-N/A-065,MONITOR (NVSION),MONITOR (NVSION),Assigned,ROOM103/LCHS,5,,
IL-MTR-N/A-066,MONITOR (NVSION),MONITOR (NVSION),Assigned,ROOM103/LCHS,5,,
IL-MTR-N/A-067,MONITOR (NVSION),MONITOR (NVSION),Assigned,ROOM103/LCHS,5,,
IL-MTR-N/A-068,MONITOR (NVSION),MONITOR (NVSION),Assigned,ROOM103/LCHS,5,,
IL-MTR-N/A-069,MONITOR (NVSION),MONITOR (NVSION),Assigned,ROOM103/LCHS,5,,
IL-MTR-N/A-070,MONITOR (NVSION),MONITOR (NVSION),Assigned,ROOM103/LCHS,5,,
IL-MTR-N/A-071,MONITOR (NVSION),MONITOR (NVSION),Assigned,ROOM103/LCHS,5,,
IL-MTR-N/A-072,MONITOR (NVSION),MONITOR (NVSION),Assigned,ROOM103/LCHS,5,,
IL-MTR-N/A-073,MONITOR (NVSION),MONITOR (NVSION),Assigned,ROOM103/LCHS,5,,
IL-MTR-N/A-074,MONITOR (NVSION),MONITOR (NVSION),Assigned,ROOM103/LCHS,5,,
IL-MTR-N/A-075,MONITOR (NVSION),MONITOR (NVSION),Assigned,ROOM103/LCHS,5,,
IL-MTR-N/A-076,MONITOR (NVSION),MONITOR (NVSION),Assigned,ROOM103/LCHS,5,,
IL-MTR-N/A-077,MONITOR (NVSION),MONITOR (NVSION),Assigned,ROOM103/LCHS,5,,
IL-MTR-N/A-078,MONITOR (NVSION),MONITOR (NVSION),Assigned,ROOM103/LCHS,5,,
IL-MTR-N/A-079,MONITOR (NVSION),MONITOR (NVSION),Assigned,ROOM103/LCHS,5,,
IL-MTR-N/A-080,MONITOR (NVSION),MONITOR (NVSION),Assigned,ROOM103/LCHS,5,,
IL-MTR-N/A-081,MONITOR (NVSION),MONITOR (NVSION),Assigned,ROOM103/LCHS,5,,
IL-MTR-N/A-082,MONITOR (NVSION),MONITOR (NVSION),Assigned,ROOM103/LCHS,5,,
IL-MTR-N/A-083,MONITOR (NVSION),MONITOR (NVSION),Assigned,ROOM103/LCHS,5,,
IL-MTR-N/A-084,MONITOR (NVISION),MONITOR (NVISION),Assigned,ROOM103/LCHS,5,,
IL-MTR-N/A-085,MONITOR (NVISION),MONITOR (NVISION),Assigned,ROOM103/LCHS,5,,
IL-MTR-N/A-086,MONITOR (AOC),MONITOR (AOC),Assigned,ROOM 104,5,,
IL-MTR-N/A-087,MONITOR (AOC),MONITOR (AOC),Assigned,ROOM 105,5,,
IL-MTR-N/A-088,MONITOR (AOC),MONITOR (AOC),Assigned,ROOM 106,5,,
IL-MTR-N/A-089,MONITOR (NVISION),MONITOR (NVISION),Assigned,ROOM 107,5,,
IL-MTR-N/A-090,MONITOR (NVISION),MONITOR (NVISION),Assigned,ROOM 108,5,,
IL-MTR-N/A-091,MONITOR(AOC),MONITOR(AOC),Assigned,TRAINING,5,,
IL-MTR-N/A-092,MONITOR(ACER),MONITOR(ACER),Assigned,ADMIN,5,,
IL-MTR-N/A-093,MONITOR(ACER),MONITOR(ACER),Assigned,ADMIN,5,,
IL-MTR-N/A-094,MONITOR(ACER),MONITOR(ACER),Assigned,CASHIER,5,,
IL-MTR-N/A-095,MONITOR(BENQ),MONITOR(BENQ),Assigned,FINANCE,5,,
IL-MTR-N/A-096,MONITOR(Dell),MONITOR(Dell),Assigned,FINANCE,5,,
IL-MTR-N/A-097,MONITOR(N-VISSION),MONITOR(N-VISSION),Assigned,IT/CCTV,5,,
IL-MTR-N/A-098,MONITOR(ACER),MONITOR(ACER),Assigned,REGISTRATION,5,,
IL-MTR-N/A-099,MONITOR(ACER),MONITOR(ACER),Assigned,REGISTRATION,5,,
IL-MTR-N/A-100,MONITOR(BenQ),MONITOR(BenQ),Assigned,REGISTRATION,5,,
IL-MTR-N/A-101,MONITOR(BenQ),MONITOR(BenQ),Assigned,REGISTRATION,5,,
IL-MTR-N/A-102,MONITOR(N-VISION),MONITOR(N-VISION),Assigned,101-ANNEX,5,,
IL-MTR-N/A-103,MONITOR(N-VISION),MONITOR(N-VISION),Assigned,102-ANNEX,5,,
IL-MTR-N/A-104,MONITOR(N-VISION),MONITOR(N-VISION),Assigned,103-ANNEX,5,,
IL-MTR-N/A-105,MONITOR(N-VISION),MONITOR(N-VISION),Assigned,104-ANNEX,5,,
IL-MTR-N/A-106,MONITOR(N-VISION),MONITOR(N-VISION),Assigned,105-ANNEX,5,,
IL-MTR-N/A-107,MONITOR(N-VISION),MONITOR(N-VISION),Assigned,106-ANNEX,5,,
IL-MTR-N/A-108,MONITOR(N-VISION),MONITOR(N-VISION),Assigned,107-ANNEX,5,,
IL-MTR-N/A-109,MONITOR(BenQ),MONITOR(BenQ),Assigned,TRAINING-ANNEX,5,,
IL-MTR-N/A-110,MONITOR(BenQ),MONITOR(BenQ),Assigned,REGISTRATION,5,,
IL-MTR-N/A-111,MONITOR(ACER),MONITOR(ACER),Assigned,REGISTRATION,5,,
IL-MTR-N/A-159,MONITOR(DELL),MONITOR(DELL),Assigned,BRDIGE 2,5,,
IL-MTR-N/A-160,MONITOR (AOC),MONITOR (AOC),Assigned,FMB,5,,
IL-MTR-N/A-161,MONITOR (AOC),MONITOR (AOC),Assigned,FMB,5,,
IL-MTR-N/A-162,MONITOR(DELL),MONITOR(DELL),Assigned,PAD SERVER,5,,
IL-MTR-N/A-163,MONITOR(DELL),MONITOR(DELL),Assigned,PAD SERVER,5,,
IL-MTR-N/A-164,MONITOR(DELL),MONITOR(DELL),Assigned,PAD SERVER,5,,
IL-MTR-N/A-165,MONITOR (AOC),MONITOR (AOC),Assigned,PAD SERVER,5,,
IL-MTR-N/A-166,MONITOR (AOC),MONITOR (AOC),Assigned,PAD SERVER,5,,
IL-MTR-N/A-167,MONITOR(ACER),MONITOR(ACER),Assigned,PAD SERVER,5,,
IL-MTR-N/A-168,MONITOR(AOPEN),MONITOR(AOPEN),Assigned,PAD SERVER,5,,
IL-MTR-N/A-169,MONITOR (AOC),MONITOR (AOC),Assigned,ECDIS SERVER,5,,
IL-MTR-N/A-170,MONITOR (AOC),MONITOR (AOC),Assigned,ECDIS SERVER,5,,
IL-MTR-N/A-171,MONITOR(DELL),MONITOR(DELL),Assigned,ECDIS SERVER,5,,
IL-MTR-N/A-172,MONITOR(ACER),MONITOR(ACER),Assigned,ECDIS SERVER,5,,
IL-MTR-N/A-173,MONITOR(ACER),MONITOR(ACER),Assigned,ECDIS SERVER,5,,
IL-MTR-N/A-174,MONITOR(ACER),MONITOR(ACER),Assigned,ANNEX SERVER,5,,
IL-MTR-N/A-175,MONITOR(ACER),MONITOR(ACER),Assigned,ANNEX SERVER,5,,
IL-MTR-N/A-176,MONITOR(N-VISION),MONITOR(N-VISION),Assigned,POTOTAN SITE,5,,
IL-MTR-N/A-177,MONITOR(N-VISION),MONITOR(N-VISION),Assigned,POTOTAN SITE,5,,
IL-MTR-N/A-178,MONITOR(N-VISION),MONITOR(N-VISION),Assigned,POTOTAN SITE,5,,
IL-MTR-N/A-179,MONITOR(N-VISION),MONITOR(N-VISION),Assigned,POTOTAN SITE,5,,
IL-MTR-N/A-180,MONITOR (BENQ),MONITOR (BENQ),Assigned,ROOM 101 SITE,5,,
IL-MTR-N/A-181,MONITOR ( ACER ),MONITOR ( ACER ),Assigned,ROOM 102 SITE,5,,
IL-MTR-N/A-183,MONITOR(N-VISION),MONITOR(N-VISION),Assigned,AMANG'S,5,,
IL-MTR-2025-184,MONITOR(ACER),MONITOR(ACER),Assigned,108 - IGF SIMULATOR,5,,
IL-MTR-2025-185,MONITOR(ACER),MONITOR(ACER),Assigned,108 - IGF SIMULATOR,5,,
IL-MTR-2025-186,MONITOR(ACER),MONITOR(ACER),Assigned,108 - IGF SIMULATOR,5,,
IL-MTR-2025-187,MONITOR(ACER),MONITOR(ACER),Assigned,108 - IGF SIMULATOR,5,,
IL-MTR-2025-188,MONITOR(ACER),MONITOR(ACER),Assigned,108 - IGF SIMULATOR,5,,
IL-MTR-2025-189,MONITOR(ACER),MONITOR(ACER),Assigned,108 - IGF SIMULATOR,5,,
IL-MTR-2025-190,MONITOR(ACER),MONITOR(ACER),Assigned,108 - IGF SIMULATOR,5,,
IL-CPU-N/A-001,System Unit,System Unit,Assigned,PAD DEPT,5,,
IL-CPU-N/A-002,System Unit,System Unit,Assigned,PAD DEPT,5,,
IL-CPU-N/A-003,System Unit,System Unit,Assigned,ROOM 302,5,,
IL-CPU-N/A-004,System Unit,System Unit,Assigned,ROOM 203,5,,
IL-CPU-N/A-005,System Unit,System Unit,Assigned,ROOM 204,5,,
IL-CPU-N/A-006,SYSTEM UNIT,SYSTEM UNIT,Assigned,ERS INSTRUCTOR,5,,
IL-CPU-N/A-007,System Unit,System Unit,Assigned,ERS Station 1,5,,
IL-CPU-N/A-008,System Unit,System Unit,Assigned,ERS Station 2,5,,
IL-CPU-N/A-009,System Unit,System Unit,Assigned,ERS Station 3,5,,
IL-CPU-N/A-010,System Unit,System Unit,Assigned,ERS Station 4,5,,
IL-CPU-N/A-011,System Unit,System Unit,Assigned,ERS Station 5,5,,
IL-CPU-N/A-012,System Unit,System Unit,Assigned,ERS Station 6,5,,
IL-CPU-N/A-013,System Unit,System Unit,Assigned,ERS Station 7,5,,
IL-CPU-N/A-014,System Unit,System Unit,Assigned,ERS Station 8,5,,
IL-CPU-N/A-015,SYSTEM UNIT,SYSTEM UNIT,Assigned,INSTRUCTOR BRIDGE,5,,
IL-CPU-N/A-016,SYSTEM UNIT,SYSTEM UNIT,Assigned,INSTRUCTOR BRIDGE,5,,
IL-CPU-N/A-017,SYSTEM UNIT,SYSTEM UNIT,Assigned,INSTRUCTOR BRIDGE,5,,
IL-CPU-N/A-018,SYSTEM UNIT,SYSTEM UNIT,Assigned,INSTRUCTOR BRIDGE,5,,
IL-CPU-N/A-019,SYSTEM UNIT,SYSTEM UNIT,Assigned,INSTRUCTOR BRIDGE,5,,
IL-CPU-N/A-020,SYSTEM UNIT,SYSTEM UNIT,Assigned,BRIDGE 1,5,,
IL-CPU-N/A-021,SYSTEM UNIT,SYSTEM UNIT,Assigned,BRIDGE 1,5,,
IL-CPU-N/A-022,SYSTEM UNIT,SYSTEM UNIT,Assigned,BRIDGE 1,5,,
IL-CPU-N/A-023,SYSTEM UNIT,SYSTEM UNIT,Assigned,BRIDGE 1,5,,
IL-CPU-N/A-024,SYSTEM UNIT,SYSTEM UNIT,Assigned,BRIDGE 2,5,,
IL-CPU-N/A-025,SYSTEM UNIT,SYSTEM UNIT,Assigned,BRIDGE 2,5,,
IL-CPU-N/A-026,SYSTEM UNIT,SYSTEM UNIT,Assigned,BRIDGE 2,5,,
IL-CPU-N/A-027,SYSTEM UNIT,SYSTEM UNIT,Assigned,BRIDGE 2,5,,
IL-CPU-N/A-028,SYSTEM UNIT,SYSTEM UNIT,Assigned,BRIDGE 3,5,,
IL-CPU-N/A-029,SYSTEM UNIT,SYSTEM UNIT,Assigned,BRIDGE 3,5,,
IL-CPU-N/A-030,SYSTEM UNIT,SYSTEM UNIT,Assigned,BRIDGE 3,5,,
IL-CPU-N/A-031,SYSTEM UNIT,SYSTEM UNIT,Assigned,BRIDGE 3,5,,
IL-CPU-N/A-032,SYSTEM UNIT,SYSTEM UNIT,Assigned,BRIDGE 4,5,,
IL-CPU-N/A-033,SYSTEM UNIT,SYSTEM UNIT,Assigned,BRIDGE 4,5,,
IL-CPU-N/A-034,SYSTEM UNIT,SYSTEM UNIT,Assigned,BRIDGE 4,5,,
IL-CPU-N/A-035,SYSTEM UNIT,SYSTEM UNIT,Assigned,BRIDGE 4,5,,
IL-CPU-N/A-036,SYSTEM UNIT,SYSTEM UNIT,Assigned,BRIDGE 5,5,,
IL-CPU-N/A-037,SYSTEM UNIT,SYSTEM UNIT,Assigned,BRIDGE 5,5,,
IL-CPU-N/A-038,SYSTEM UNIT,SYSTEM UNIT,Assigned,BRIDGE 5,5,,
IL-CPU-N/A-039,SYSTEM UNIT,SYSTEM UNIT,Assigned,FMB,5,,
IL-CPU-N/A-040,SYSTEM UNIT,SYSTEM UNIT,Assigned,FMB,5,,
IL-CPU-N/A-041,SYSTEM UNIT,SYSTEM UNIT,Assigned,FMB,5,,
IL-CPU-N/A-042,SYSTEM UNIT,SYSTEM UNIT,Assigned,FMB,5,,
IL-CPU-N/A-043,SYSTEM UNIT,SYSTEM UNIT,Assigned,FMB,5,,
IL-CPU-N/A-044,SYSTEM UNIT,SYSTEM UNIT,Assigned,FMB,5,,
IL-CPU-N/A-045,SYSTEM UNIT,SYSTEM UNIT,Assigned,FMB,5,,
IL-CPU-N/A-046,SYSTEM UNIT,SYSTEM UNIT,Assigned,FMB,5,,
IL-CPU-N/A-047,SYSTEM UNIT,SYSTEM UNIT,Assigned,FMB,5,,
IL-CPU-N/A-048,SYSTEM UNIT,SYSTEM UNIT,Assigned,FMB,5,,
IL-CPU-N/A-049,SYSTEM UNIT,SYSTEM UNIT,Assigned,FMB,5,,
IL-CPU-N/A-050,SYSTEM UNIT,SYSTEM UNIT,Assigned,TRAINING,5,,
IL-CPU-N/A-051,SYSTEM UNIT,SYSTEM UNIT,Assigned,TRAINING,5,,
IL-CPU-N/A-052,SYSTEM UNIT,SYSTEM UNIT,Assigned,ROOM 101,5,,
IL-CPU-N/A-053,SYSTEM UNIT,SYSTEM UNIT,Assigned,ROOM 102,5,,
IL-CPU-N/A-054,SYSTEM UNIT,SYSTEM UNIT,Assigned,ROOM 103,5,,
IL-CPU-N/A-055,SYSTEM UNIT,SYSTEM UNIT,Assigned,ROOM103/LCHS,5,,
IL-CPU-N/A-056,SYSTEM UNIT,SYSTEM UNIT,Assigned,ROOM103/LCHS,5,,
IL-CPU-N/A-057,SYSTEM UNIT,SYSTEM UNIT,Assigned,ROOM103/LCHS,5,,
IL-CPU-N/A-058,SYSTEM UNIT,SYSTEM UNIT,Assigned,ROOM103/LCHS,5,,
IL-CPU-N/A-059,SYSTEM UNIT,SYSTEM UNIT,Assigned,ROOM103/LCHS,5,,
IL-CPU-N/A-060,SYSTEM UNIT,SYSTEM UNIT,Assigned,ROOM 104,5,,
IL-CPU-N/A-061,SYSTEM UNIT,SYSTEM UNIT,Assigned,ROOM 105,5,,
IL-CPU-N/A-062,SYSTEM UNIT,SYSTEM UNIT,Assigned,ROOM 106,5,,
IL-CPU-N/A-063,SYSTEM UNIT,SYSTEM UNIT,Assigned,ROOM 107,5,,
IL-CPU-N/A-064,SYSTEM UNIT,SYSTEM UNIT,Assigned,ROOM 108,5,,
IL-CPU-N/A-065,SYSTEM UNIT,SYSTEM UNIT,Assigned,TRAINING,5,,
IL-CPU-N/A-066,SYSTEM UNIT,SYSTEM UNIT,Assigned,ADMIN,5,,
IL-CPU-N/A-067,SYSTEM UNIT,SYSTEM UNIT,Assigned,ADMIN,5,,
IL-CPU-N/A-068,SYSTEM UNIT,SYSTEM UNIT,Assigned,CASHIER,5,,
IL-CPU-N/A-069,SYSTEM UNIT,SYSTEM UNIT,Assigned,FINANCE,5,,
IL-CPU-N/A-070,SYSTEM UNIT,SYSTEM UNIT,Assigned,Amangs,5,,
IL-CPU-N/A-071,SYSTEM UNIT,SYSTEM UNIT,Assigned,IT/CCTV,5,,
IL-CPU-N/A-072,SYSTEM UNIT,SYSTEM UNIT,Assigned,REGISTRATION,5,,
IL-CPU-N/A-073,SYSTEM UNIT,SYSTEM UNIT,Assigned,REGISTRATION,5,,
IL-CPU-N/A-074,SYSTEM UNIT,SYSTEM UNIT,Assigned,REGISTRATION,5,,
IL-CPU-N/A-075,SYSTEM UNIT,SYSTEM UNIT,Assigned,REGISTRATION,5,,
IL-CPU-N/A-076,SYSTEM UNIT,SYSTEM UNIT,Assigned,101-ANNEX,5,,
IL-CPU-N/A-077,SYSTEM UNIT,SYSTEM UNIT,Assigned,102-ANNEX,5,,
IL-CPU-N/A-078,SYSTEM UNIT,SYSTEM UNIT,Assigned,103-ANNEX,5,,
IL-CPU-N/A-079,SYSTEM UNIT,SYSTEM UNIT,Assigned,104-ANNEX,5,,
IL-CPU-N/A-080,SYSTEM UNIT,SYSTEM UNIT,Assigned,105-ANNEX,5,,
IL-CPU-N/A-081,SYSTEM UNIT,SYSTEM UNIT,Assigned,106-ANNEX,5,,
IL-CPU-N/A-082,SYSTEM UNIT,SYSTEM UNIT,Assigned,107-ANNEX,5,,
IL-CPU-N/A-083,SYSTEM UNIT,SYSTEM UNIT,Assigned,TRAINING-ANNEX,5,,
IL-CPU-N/A-084,SYSTEM UNIT,SYSTEM UNIT,Assigned,REGISTRATION,5,,
IL-CPU-N/A-085,SYSTEM UNIT,SYSTEM UNIT,Assigned,REGISTRATION,5,,
IL-CPU-N/A-086,SYSTEM UNIT,SYSTEM UNIT,Assigned,PAD SERVER,5,,
IL-CPU-N/A-087,SYSTEM UNIT,SYSTEM UNIT,Assigned,ECDIS SERVER,5,,
IL-CPU-N/A-088,SYSTEM UNIT,SYSTEM UNIT,Assigned,PAD SERVER,5,,
IL-CPU-N/A-089,SYSTEM UNIT,SYSTEM UNIT,Assigned,PAD SERVER,5,,
IL-CPU-N/A-090,SYSTEM UNIT,SYSTEM UNIT,Assigned,ROOM103/LCHS,5,,
IL-CPU-N/A-091,SYSTEM UNIT,SYSTEM UNIT,Assigned,ROOM103/LCHS,5,,
IL-CPU-N/A-092,SYSTEM UNIT,SYSTEM UNIT,Assigned,ROOM103/LCHS,5,,
IL-CPU-N/A-093,SYSTEM UNIT,SYSTEM UNIT,Assigned,ECDIS SERVER,5,,
IL-CPU-N/A-094,SYSTEM UNIT,SYSTEM UNIT,Assigned,ECDIS SERVER,5,,
IL-CPU-N/A-095,SYSTEM UNIT,SYSTEM UNIT,Assigned,ECDIS SERVER,5,,
IL-CPU-N/A-096,SYSTEM UNIT,SYSTEM UNIT,Assigned,ECDIS SERVER,5,,
IL-CPU-N/A-097,SYSTEM UNIT,SYSTEM UNIT,Assigned,ECDIS SERVER,5,,
IL-CPU-N/A-098,SYSTEM UNIT,SYSTEM UNIT,Assigned,ECDIS SERVER,5,,
IL-CPU-N/A-099,SYSTEM UNIT,SYSTEM UNIT,Assigned,ECDIS SERVER,5,,
IL-CPU-N/A-100,SYSTEM UNIT,SYSTEM UNIT,Assigned,ECDIS SERVER,5,,
IL-CPU-N/A-101,SYSTEM UNIT,SYSTEM UNIT,Assigned,ECDIS SERVER,5,,
IL-CPU-N/A-102,SYSTEM UNIT,SYSTEM UNIT,Assigned,PAD SERVER,5,,
IL-CPU-N/A-103,SYSTEM UNIT(BACKUP),SYSTEM UNIT(BACKUP),Assigned,ANNEX SERVER,5,,
IL-CPU-N/A-104,SYSTEM UNIT(INTRANET DELL),SYSTEM UNIT(INTRANET DELL),Assigned,ANNEX SERVER,5,,
IL-CPU-N/A-105,SYSTEM UNIT(SUPERMICRO),SYSTEM UNIT(SUPERMICRO),Assigned,ANNEX SERVER,5,,
PO-DKT-2023-001,SYSTEM UNIT,SYSTEM UNIT,Assigned,ROOM 101 SITE,5,,
PO-DKT-2023-002,SYSTEM UNIT,SYSTEM UNIT,Assigned,ROOM 102 SITE,5,,
PO-DKT-2023-003,SYSTEM UNIT,SYSTEM UNIT,Assigned,ADMIN POTOTAN SITE,5,,
PO-DKT-2023-004,SYSTEM UNIT,SYSTEM UNIT,Assigned,ADMIN POTOTAN SITE,5,,
PO-DKT-2023-005,SYSTEM UNIT,SYSTEM UNIT,Assigned,ADMIN POTOTAN SITE,5,,
IL-CPU-N/A-111,SYSTEM UNIT(SERVER-ILOILO),SYSTEM UNIT(SERVER-ILOILO),Assigned,ANNEX SERVER,5,,
PO-DKT-2024-006,SYSTEM UNIT,SYSTEM UNIT,Assigned,CONFERENCE POTOTAN SITE,5,,
IL-CPU-2025-113,SYSTEM UNIT,SYSTEM UNIT,Assigned,108 - IGF SIMULATOR,5,,
IL-CPU-2025-114,SYSTEM UNIT,SYSTEM UNIT,Assigned,108 - IGF SIMULATOR,5,,
IL-CPU-2025-115,SYSTEM UNIT,SYSTEM UNIT,Assigned,108 - IGF SIMULATOR,5,,
IL-CPU-2025-116,SYSTEM UNIT,SYSTEM UNIT,Assigned,108 - IGF SIMULATOR,5,,
IL-CPU-2025-117,SYSTEM UNIT,SYSTEM UNIT,Assigned,108 - IGF SIMULATOR,5,,
IL-CPU-2025-118,SYSTEM UNIT,SYSTEM UNIT,Assigned,108 - IGF SIMULATOR,5,,
IL-CPU-2025-119,SYSTEM UNIT,SYSTEM UNIT,Assigned,108 - IGF SIMULATOR,5,,
IL-MTR-N/A-112,TV MONITOR (SAMSUNG),TV MONITOR (SAMSUNG),Assigned,ROOM 302,5,,
IL-MTR-N/A-113,TV MONITOR (SKYWORTH),TV MONITOR (SKYWORTH),Assigned,Briefing Room/303,5,,
IL-MTR-N/A-114,TV MONITOR (TCL),TV MONITOR (TCL),Assigned,ROOM 203,5,,
IL-MTR-N/A-115,TV (TCL),TV (TCL),Assigned,ROOM 204,5,,
IL-MTR-N/A-116,TV MONITOR (SAMSUNG),TV MONITOR (SAMSUNG),Assigned,ERS INSTRUCTOR,5,,
IL-MTR-N/A-117,TV MONITOR (SAMSUNG),TV MONITOR (SAMSUNG),Assigned,INSTRUCTOR BRIDGE,5,,
IL-MTR-N/A-118,TV MONITOR (SAMSUNG),TV MONITOR (SAMSUNG),Assigned,BRIDGE 1,5,,
IL-MTR-N/A-119,TV MONITOR (SAMSUNG),TV MONITOR (SAMSUNG),Assigned,BRIDGE 2,5,,
IL-MTR-N/A-120,TV MONITOR (SAMSUNG),TV MONITOR (SAMSUNG),Assigned,BRIDGE 3,5,,
IL-MTR-N/A-121,TV MONITOR (SAMSUNG),TV MONITOR (SAMSUNG),Assigned,BRIDGE 4,5,,
IL-MTR-N/A-122,TV MONITOR (SAMSUNG),TV MONITOR (SAMSUNG),Assigned,BRIDGE 5,5,,
IL-MTR-N/A-123,TV MONITOR (TCL),TV MONITOR (TCL),Assigned,FMB,5,,
IL-MTR-N/A-124,TV MONITOR (TCL),TV MONITOR (TCL),Assigned,FMB,5,,
IL-MTR-N/A-125,TV MONITOR (TCL),TV MONITOR (TCL),Assigned,FMB,5,,
IL-MTR-N/A-126,TV MONITOR (TCL),TV MONITOR (TCL),Assigned,FMB,5,,
IL-MTR-N/A-127,TV MONITOR (TCL),TV MONITOR (TCL),Assigned,FMB,5,,
IL-MTR-N/A-128,TV MONITOR (TCL),TV MONITOR (TCL),Assigned,FMB,5,,
IL-MTR-N/A-129,TV MONITOR (TCL),TV MONITOR (TCL),Assigned,FMB,5,,
IL-MTR-N/A-130,TV MONITOR (KTC),TV MONITOR (KTC),Assigned,TRAINING,5,,
IL-MTR-N/A-131,TV MONITOR (TCL),TV MONITOR (TCL),Assigned,ROOM 101,5,,
IL-MTR-N/A-132,TV MONITOR (TCL),TV MONITOR (TCL),Assigned,ROOM 102,5,,
IL-MTR-N/A-133,TV MONITOR (TCL),TV MONITOR (TCL),Assigned,ROOM 103,5,,
IL-MTR-N/A-134,TV MONITOR (TCL),TV MONITOR (TCL),Assigned,ROOM 104,5,,
IL-MTR-N/A-135,TV MONITOR (TCL),TV MONITOR (TCL),Assigned,ROOM 105,5,,
IL-MTR-N/A-136,TV MONITOR (TCL),TV MONITOR (TCL),Assigned,ROOM 106,5,,
IL-MTR-N/A-137,TV MONITOR (TCL),TV MONITOR (TCL),Assigned,ROOM 107,5,,
IL-MTR-N/A-138,TV MONITOR (TCL),TV MONITOR (TCL),Assigned,ROOM 108,5,,
IL-MTR-N/A-139,TV MONITOR(MATRIX),TV MONITOR(MATRIX),Assigned,REGISTRATION,5,,
IL-MTR-N/A-140,TV MONITOR(MATRIX),TV MONITOR(MATRIX),Assigned,REGISTRATION,5,,
IL-MTR-N/A-141,TV MONITOR(TCL),TV MONITOR(TCL),Assigned,101-ANNEX,5,,
IL-MTR-N/A-142,TV MONITOR(TCL),TV MONITOR(TCL),Assigned,102-ANNEX,5,,
IL-MTR-N/A-143,TV MONITOR(TCL),TV MONITOR(TCL),Assigned,103-ANNEX,5,,
IL-MTR-N/A-144,TV MONITOR(TCL),TV MONITOR(TCL),Assigned,104-ANNEX,5,,
IL-MTR-N/A-145,TV MONITOR(TCL),TV MONITOR(TCL),Assigned,105-ANNEX,5,,
IL-MTR-N/A-146,TV MONITOR(TCL),TV MONITOR(TCL),Assigned,106-ANNEX,5,,
IL-MTR-N/A-147,TV MONITOR(SAMSUNG),TV MONITOR(SAMSUNG),Assigned,107-ANNEX,5,,
IL-MTR-N/A-148,TV MONITOR(TCL),TV MONITOR(TCL),Assigned,108-FACULTY,5,,
IL-MTR-N/A-149,TV MONITOR(SAMSUNG),TV MONITOR(SAMSUNG),Assigned,CONFERENCE-ANNEX,5,,
IL-MTR-N/A-150,TV MONITOR(SAMSUNG),TV MONITOR(SAMSUNG),Assigned,ECDIS SERVER,5,,
IL-MTR-N/A-151,TV MONITOR(SAMSUNG),TV MONITOR(SAMSUNG),Assigned,ECDIS SERVER,5,,
IL-MTR-N/A-152,TV MONITOR (MATRIX),TV MONITOR (MATRIX),Assigned,ANNEX,5,,
PO-TVM-2022-003,TV MONITOR(TCL),TV MONITOR(TCL),Assigned,ADMIN POTOTAN SITE,5,,
PO-TVM-2022-004,TV MONITOR(TCL),TV MONITOR(TCL),Assigned,FACULTYPOTOTAN SITE,5,,
PO-TVM-2023-001,TV MONITOR(TCL),TV MONITOR(TCL),Assigned,ROOM 101 SITE,5,,
PO-TVM-2023-002,TV MONITOR(TCL),TV MONITOR(TCL),Assigned,ROOM 102 SITE,5,,
IL-MTR-N/A-157,TV MONITOR(SKYWORTH),TV MONITOR(SKYWORTH),Assigned,CONFERENCE MANFREDS,5,,
PO-TVM-2024-006,TV MONITOR (MATRIX),TV MONITOR (MATRIX),Assigned,POTOTAN SITE,5,,
IL-MTR-N/A-159,TV MONITOR (MATRIX),TV MONITOR (MATRIX),Assigned,Annex 3rd Flr,5,,
IL-MTR-N/A-182,TV MONITOR (SAMSUNG),TV MONITOR (SAMSUNG),Assigned,FMB,5,,
IL-MTR-2025-191,TV MONITOR (LG),TV MONITOR (LG),Assigned,ROOM 103,5,,
IL-MTR-N/A-192,TV MONITOR (TCL),TV MONITOR (TCL),Assigned,ROOM 306,5,,
IL-MTR-N/A-193,TV MONITOR (SAMSUNG),TV MONITOR (SAMSUNG),Assigned,ROOM 202,5,,
IL-MTR-N/A-194,TV MONITOR (SAMSUNG),TV MONITOR (SAMSUNG),Assigned,ERS STATION,5,,
IL-KYB-N/A-001,Keyboard (A4TECH),Keyboard (A4TECH),Assigned,PAD DEPT,5,,
IL-KYB-N/A-002,Keyboard (A4TECH),Keyboard (A4TECH),Assigned,PAD DEPT,5,,
IL-KYB-N/A-003,Keyboard (ACER),Keyboard (ACER),Assigned,ROOM 302,5,,
IL-KYB-N/A-004,Keyboard (A4TECH),Keyboard (A4TECH),Assigned,ROOM 203,5,,
IL-KYB-N/A-005,Keyboard (ACER),Keyboard (ACER),Assigned,ROOM 204,5,,
IL-KYB-N/A-006,KEYBOARD (A4TECH),KEYBOARD (A4TECH),Assigned,ERS INSTRUCTOR,5,,
IL-KYB-N/A-007,Keyboard (ACER),Keyboard (ACER),Assigned,ERS Station 1,5,,
IL-KYB-N/A-008,Keyboard (ACER),Keyboard (ACER),Assigned,ERS Station 2,5,,
IL-KYB-N/A-009,Keyboard (ACER),Keyboard (ACER),Assigned,ERS Station 3,5,,
IL-KYB-N/A-010,Keyboard (ACER),Keyboard (ACER),Assigned,ERS Station 4,5,,
IL-KYB-N/A-011,Keyboard (ACER),Keyboard (ACER),Assigned,ERS Station 5,5,,
IL-KYB-N/A-012,Keyboard (ACER),Keyboard (ACER),Assigned,ERS Station 6,5,,
IL-KYB-N/A-013,Keyboard (ACER),Keyboard (ACER),Assigned,ERS Station 7,5,,
IL-KYB-N/A-014,Keyboard (PHILLIPS),Keyboard (PHILLIPS),Assigned,ERS Station 8,5,,
IL-KYB-N/A-015,KEYBOARD (ACER),KEYBOARD (ACER),Assigned,INSTRUCTOR BRIDGE,5,,
IL-KYB-N/A-016,KEYBOARD (ACER),KEYBOARD (ACER),Assigned,INSTRUCTOR BRIDGE,5,,
IL-KYB-N/A-017,KEYBOARD (ACER),KEYBOARD (ACER),Assigned,INSTRUCTOR BRIDGE,5,,
IL-KYB-N/A-018,KEYBOARD (ACER),KEYBOARD (ACER),Assigned,INSTRUCTOR BRIDGE,5,,
IL-KYB-N/A-019,KEYBOARD (A4TECH),KEYBOARD (A4TECH),Assigned,BRIDGE 1,5,,
IL-KYB-N/A-020,KEYBOARD (ACER),KEYBOARD (ACER),Assigned,BRIDGE 2,5,,
IL-KYB-N/A-021,KEYBOARD (ACER),KEYBOARD (ACER),Assigned,BRIDGE 3,5,,
IL-KYB-N/A-022,KEYBOARD (DELL),KEYBOARD (DELL),Assigned,BRIDGE 4,5,,
IL-KYB-N/A-023,KEYBOARD (ACER),KEYBOARD (ACER),Assigned,BRIDGE 5,5,,
IL-KYB-N/A-024,KEYBOARD (A4TECH),KEYBOARD (A4TECH),Assigned,FMB,5,,
IL-KYB-N/A-025,KEYBOARD (A4TECH),KEYBOARD (A4TECH),Assigned,FMB,5,,
IL-KYB-N/A-026,KEYBOARD (A4TECH),KEYBOARD (A4TECH),Assigned,FMB,5,,
IL-KYB-N/A-027,KEYBOARD (ACER),KEYBOARD (ACER),Assigned,FMB,5,,
IL-KYB-N/A-028,KEYBOARD (ACER),KEYBOARD (ACER),Assigned,TRAINING,5,,
IL-KYB-N/A-029,KEYBOARD (MOTOSPEED),KEYBOARD (MOTOSPEED),Assigned,TRAINING,5,,
IL-KYB-N/A-030,KEYBOARD (ACER),KEYBOARD (ACER),Assigned,ROOM 101,5,,
IL-KYB-N/A-031,KEYBOARD (A4TECH),KEYBOARD (A4TECH),Assigned,ROOM 102,5,,
IL-KYB-N/A-032,KEYBOARD (A4TECH),KEYBOARD (A4TECH),Assigned,ROOM 103,5,,
IL-KYB-N/A-033,WIRELESS KEYBOARD/TOUCH (LOGITECH),WIRELESS KEYBOARD/TOUCH (LOGITECH),Assigned,ROOM103/LCHS,5,,
IL-KYB-N/A-034,WIRELESS KEYBOARD/TOUCH (LOGITECH),WIRELESS KEYBOARD/TOUCH (LOGITECH),Assigned,ROOM103/LCHS,5,,
IL-KYB-N/A-035,WIRELESS KEYBOARD/TOUCH (LOGITECH),WIRELESS KEYBOARD/TOUCH (LOGITECH),Assigned,ROOM103/LCHS,5,,
IL-KYB-N/A-036,WIRELESS KEYBOARD/TOUCH (LOGITECH),WIRELESS KEYBOARD/TOUCH (LOGITECH),Assigned,ROOM103/LCHS,5,,
IL-KYB-N/A-037,WIRELESS KEYBOARD/TOUCH (LOGITECH),WIRELESS KEYBOARD/TOUCH (LOGITECH),Assigned,ROOM103/LCHS,5,,
IL-KYB-N/A-038,WIRELESS KEYBOARD/TOUCH (LOGITECH),WIRELESS KEYBOARD/TOUCH (LOGITECH),Assigned,ROOM103/LCHS,5,,
IL-KYB-N/A-039,WIRELESS KEYBOARD (LOGITECH),WIRELESS KEYBOARD (LOGITECH),Assigned,ROOM103/LCHS,5,,
IL-KYB-N/A-040,KEYBOARD (A4TECH),KEYBOARD (A4TECH),Assigned,ROOM 104,5,,
IL-KYB-N/A-041,KEYBOARD (A4TECH),KEYBOARD (A4TECH),Assigned,ROOM 105,5,,
IL-KYB-N/A-042,KEYBOARD (A4TECH),KEYBOARD (A4TECH),Assigned,ROOM 106,5,,
IL-KYB-N/A-043,KEYBOARD (A4TECH),KEYBOARD (A4TECH),Assigned,ROOM 107,5,,
IL-KYB-N/A-044,KEYBOARD (A4TECH),KEYBOARD (A4TECH),Assigned,ROOM 108,5,,
IL-KYB-N/A-045,KEYBOARD(Bosston),KEYBOARD(Bosston),Assigned,TRAINING,5,,
IL-KYB-N/A-046,KEYBOARD(A4TECH),KEYBOARD(A4TECH),Assigned,ADMIN,5,,
IL-KYB-N/A-047,KEYBOARD(ACER),KEYBOARD(ACER),Assigned,ADMIN,5,,
IL-KYB-N/A-048,KEYBOARD(ACER),KEYBOARD(ACER),Assigned,CASHIER,5,,
IL-KYB-N/A-049,KEYBOARD(Bosston),KEYBOARD(Bosston),Assigned,FINANCE,5,,
IL-KYB-N/A-050,KEYBOARD(A4TECH),KEYBOARD(A4TECH),Assigned,IT/CCTV,5,,
IL-KYB-N/A-051,KEYBOARD(A4TECH),KEYBOARD(A4TECH),Assigned,REGISTRATION,5,,
IL-KYB-N/A-052,KEYBOARD(A4TECH),KEYBOARD(A4TECH),Assigned,REGISTRATION,5,,
IL-KYB-N/A-053,KEYBOARD(A4TECH),KEYBOARD(A4TECH),Assigned,REGISTRATION,5,,
IL-KYB-N/A-054,KEYBOARD(A4TECH),KEYBOARD(A4TECH),Assigned,REGISTRATION,5,,
IL-KYB-N/A-055,KEYBOARD(MotoSpeed),KEYBOARD(MotoSpeed),Assigned,101-ANNEX,5,,
IL-KYB-N/A-056,KEYBOARD(MotoSpeed),KEYBOARD(MotoSpeed),Assigned,102-ANNEX,5,,
IL-KYB-N/A-057,KEYBOARD(MotoSpeed),KEYBOARD(MotoSpeed),Assigned,103-ANNEX,5,,
IL-KYB-N/A-058,KEYBOARD(MotoSpeed),KEYBOARD(MotoSpeed),Assigned,104-ANNEX,5,,
IL-KYB-N/A-059,KEYBOARD(MotoSpeed),KEYBOARD(MotoSpeed),Assigned,106-ANNEX,5,,
IL-KYB-N/A-060,KEYBOARD(MotoSpeed),KEYBOARD(MotoSpeed),Assigned,107-ANNEX,5,,
IL-KYB-N/A-061,KEYBOARD(A4TECH),KEYBOARD(A4TECH),Assigned,TRAINING-ANNEX,5,,
IL-KYB-N/A-062,KEYBOARD(A4TECH),KEYBOARD(A4TECH),Assigned,REGISTRATION,5,,
IL-KYB-N/A-063,KEYBOARD(ACER),KEYBOARD(ACER),Assigned,REGISTRATION,5,,
IL-KYB-N/A-064,Keyboard(BOSSTON),Keyboard(BOSSTON),Assigned,admin,5,,
IL-KYB-N/A-065,KEYBOARD(A4TECH),KEYBOARD(A4TECH),Assigned,INSTRUCTOR BRIDGE,5,,
IL-KYB-N/A-066,KEYBOARD(ACER),KEYBOARD(ACER),Assigned,FMB,5,,
IL-KYB-N/A-067,KEYBOARD(A4TECH),KEYBOARD(A4TECH),Assigned,PAD SERVER,5,,
IL-KYB-N/A-068,KEYBOARD(ACER),KEYBOARD(ACER),Assigned,PAD SERVER,5,,
IL-KYB-N/A-069,KEYBOARD(A4TECH),KEYBOARD(A4TECH),Assigned,PAD SERVER,5,,
IL-KYB-N/A-070,KEYBOARD(A4TECH),KEYBOARD(A4TECH),Assigned,ECDIS SERVER,5,,
IL-KYB-N/A-071,KEYBOARD(A4TECH),KEYBOARD(A4TECH),Assigned,ECDIS SERVER,5,,
IL-KYB-N/A-072,KEYBOARD(A4TECH),KEYBOARD(A4TECH),Assigned,ECDIS SERVER,5,,
IL-KYB-N/A-073,KEYBOARD(A4TECH),KEYBOARD(A4TECH),Assigned,ECDIS SERVER,5,,
IL-KYB-N/A-074,KEYBOARD(A4TECH),KEYBOARD(A4TECH),Assigned,ECDIS SERVER,5,,
IL-KYB-N/A-075,KEYBOARD(A4TECH),KEYBOARD(A4TECH),Assigned,ECDIS SERVER,5,,
IL-KYB-N/A-076,KEYBOARD(YINOIAO),KEYBOARD(YINOIAO),Assigned,PAD SERVER,5,,
IL-KYB-N/A-077,KEYBOARD(A4TECH),KEYBOARD(A4TECH),Assigned,ROOM 302,5,,
IL-KYB-N/A-078,KEYBOARD(MotoSpeed),KEYBOARD(MotoSpeed),Assigned,105-ANNEX,5,,
IL-KYB-N/A-079,KEYBOARD(GENIUS),KEYBOARD(GENIUS),Assigned,ANNEX SERVER,5,,
IL-KYB-N/A-080,KEYBOARD(A4TECH),KEYBOARD(A4TECH),Assigned,ANNEX SERVER,5,,
IL-KYB-N/A-081,KEYBOARD(A4TECH),KEYBOARD(A4TECH),Assigned,POTOTAN SITE,5,,
IL-KYB-N/A-082,KEYBOARD(A4TECH),KEYBOARD(A4TECH),Assigned,POTOTAN SITE,5,,
IL-KYB-N/A-083,KEYBOARD(A4TECH),KEYBOARD(A4TECH),Assigned,POTOTAN SITE,5,,
IL-KYB-N/A-084,KEYBOARD(A4TECH),KEYBOARD(A4TECH),Assigned,ROOM 101 SITE,5,,
IL-KYB-N/A-085,KEYBOARD(A4TECH),KEYBOARD(A4TECH),Assigned,ROOM 102 SITE,5,,
IL-KYB-N/A-086,KEYBOARD(A4TECH),KEYBOARD(A4TECH),Assigned,CONFERENCE SITE,5,,
IL-KYB-2025-087,KEYBOARD(LOGITECH),KEYBOARD(LOGITECH),Assigned,TRAINING,5,,
IL-KYB-2025-088,KEYBOARD(LOGITECH),KEYBOARD(LOGITECH),Assigned,108 - IGF SIMULATOR,5,,
IL-KYB-2025-089,KEYBOARD(LOGITECH),KEYBOARD(LOGITECH),Assigned,108 - IGF SIMULATOR,5,,
IL-KYB-2025-090,KEYBOARD(LOGITECH),KEYBOARD(LOGITECH),Assigned,108 - IGF SIMULATOR,5,,
IL-KYB-2025-091,KEYBOARD(LOGITECH),KEYBOARD(LOGITECH),Assigned,108 - IGF SIMULATOR,5,,
IL-KYB-2025-092,KEYBOARD(LOGITECH),KEYBOARD(LOGITECH),Assigned,108 - IGF SIMULATOR,5,,
IL-KYB-2025-093,KEYBOARD(LOGITECH),KEYBOARD(LOGITECH),Assigned,108 - IGF SIMULATOR,5,,
IL-KYB-2025-094,KEYBOARD(LOGITECH),KEYBOARD(LOGITECH),Assigned,108 - IGF SIMULATOR,5,,
IL-MSE-N/A-001,Mouse (A4TECH),Mouse (A4TECH),Assigned,PAD DEPT,5,,
IL-MSE-N/A-002,Mouse (A4TECH),Mouse (A4TECH),Assigned,PAD DEPT,5,,
IL-MSE-N/A-003,Mouse (ACER),Mouse (ACER),Assigned,ROOM 302,5,,
IL-MSE-N/A-004,Mouse (A4TECH),Mouse (A4TECH),Assigned,ROOM 203,5,,
IL-MSE-N/A-005,Mouse (ACER),Mouse (ACER),Assigned,ROOM 204,5,,
IL-MSE-N/A-006,MOUSE (A4TECH),MOUSE (A4TECH),Assigned,ERS INSTRUCTOR,5,,
IL-MSE-N/A-007,Mouse (ACER),Mouse (ACER),Assigned,ERS Station 1,5,,
IL-MSE-N/A-008,Mouse (ACER),Mouse (ACER),Assigned,ERS Station 2,5,,
IL-MSE-N/A-009,Mouse (ACER),Mouse (ACER),Assigned,ERS Station 3,5,,
IL-MSE-N/A-010,Mouse (ACER),Mouse (ACER),Assigned,ERS Station 5,5,,
IL-MSE-N/A-011,Mouse (ACER),Mouse (ACER),Assigned,ERS Station 6,5,,
IL-MSE-N/A-012,Mouse (ACER),Mouse (ACER),Assigned,ERS Station 7,5,,
IL-MSE-N/A-013,Mouse (A4TECH),Mouse (A4TECH),Assigned,ERS Station 8,5,,
IL-MSE-N/A-014,MOUSE (UNISO),MOUSE (UNISO),Assigned,INSTRUCTOR BRIDGE,5,,
IL-MSE-N/A-015,MOUSE (ACER),MOUSE (ACER),Assigned,INSTRUCTOR BRIDGE,5,,
IL-MSE-N/A-016,MOUSE (ACER),MOUSE (ACER),Assigned,INSTRUCTOR BRIDGE,5,,
IL-MSE-N/A-017,MOUSE (ACER),MOUSE (ACER),Assigned,INSTRUCTOR BRIDGE,5,,
IL-MSE-N/A-018,MOUSE (ACER),MOUSE (ACER),Assigned,INSTRUCTOR BRIDGE,5,,
IL-MSE-N/A-019,MOUSE (ACER),MOUSE (ACER),Assigned,BRIDGE 1,5,,
IL-MSE-N/A-020,MOUSE (ACER),MOUSE (ACER),Assigned,BRIDGE 1,5,,
IL-MSE-N/A-021,MOUSE (ACER),MOUSE (ACER),Assigned,BRIDGE 1,5,,
IL-MSE-N/A-022,MOUSE (ACER),MOUSE (ACER),Assigned,BRIDGE 2,5,,
IL-MSE-N/A-023,MOUSE (ACER),MOUSE (ACER),Assigned,BRIDGE 2,5,,
IL-MSE-N/A-024,MOUSE (ACER),MOUSE (ACER),Assigned,BRIDGE 2,5,,
IL-MSE-N/A-025,MOUSE (ACER),MOUSE (ACER),Assigned,BRIDGE 3,5,,
IL-MSE-N/A-026,MOUSE (ACER),MOUSE (ACER),Assigned,BRIDGE 3,5,,
IL-MSE-N/A-027,MOUSE (ACER),MOUSE (ACER),Assigned,BRIDGE 3,5,,
IL-MSE-N/A-028,MOUSE (ACER),MOUSE (ACER),Assigned,BRIDGE 4,5,,
IL-MSE-N/A-029,MOUSE (ACER),MOUSE (ACER),Assigned,BRIDGE 4,5,,
IL-MSE-N/A-030,MOUSE (ACER),MOUSE (ACER),Assigned,BRIDGE 4,5,,
IL-MSE-N/A-031,MOUSE (ACER),MOUSE (ACER),Assigned,BRIDGE 5,5,,
IL-MSE-N/A-032,MOUSE (ACER),MOUSE (ACER),Assigned,BRIDGE 5,5,,
IL-MSE-N/A-033,MOUSE (ACER),MOUSE (ACER),Assigned,BRIDGE 5,5,,
IL-MSE-N/A-034,MOUSE (ACER),MOUSE (ACER),Assigned,FMB,5,,
IL-MSE-N/A-035,MOUSE (ACER),MOUSE (ACER),Assigned,FMB,5,,
IL-MSE-N/A-036,MOUSE (ACER),MOUSE (ACER),Assigned,FMB,5,,
IL-MSE-N/A-037,MOUSE (A4TECH),MOUSE (A4TECH),Assigned,FMB,5,,
IL-MSE-N/A-038,MOUSE (A4TECH),MOUSE (A4TECH),Assigned,FMB,5,,
IL-MSE-N/A-039,MOUSE (A4TECH),MOUSE (A4TECH),Assigned,FMB,5,,
IL-MSE-N/A-040,MOUSE (PROMARE),MOUSE (PROMARE),Assigned,TRAINING,5,,
IL-MSE-N/A-041,MOUSE (MOTOSPEED),MOUSE (MOTOSPEED),Assigned,TRAINING,5,,
IL-MSE-N/A-042,MOUSE (A4TECH),MOUSE (A4TECH),Assigned,ROOM 101,5,,
IL-MSE-N/A-043,MOUSE (A4TECH),MOUSE (A4TECH),Assigned,ROOM 102,5,,
IL-MSE-N/A-044,MOUSE (A4TECH),MOUSE (A4TECH),Assigned,ROOM 103,5,,
IL-MSE-N/A-045,MOUSE (A4TECH),MOUSE (A4TECH),Assigned,ROOM 103,5,,
IL-MSE-N/A-046,MOUSE (A4TECH),MOUSE (A4TECH),Assigned,ROOM 105,5,,
IL-MSE-N/A-047,MOUSE (A4TECH),MOUSE (A4TECH),Assigned,ROOM 106,5,,
IL-MSE-N/A-048,MOUSE (A4TECH),MOUSE (A4TECH),Assigned,ROOM 107,5,,
IL-MSE-N/A-049,MOUSE (HP),MOUSE (HP),Assigned,ROOM 108,5,,
IL-MSE-N/A-050,MOUSE(DigitTech),MOUSE(DigitTech),Assigned,TRAINING,5,,
IL-MSE-N/A-051,MOUSE(A4TECH),MOUSE(A4TECH),Assigned,ADMIN,5,,
IL-MSE-N/A-052,MOUSE(Generic),MOUSE(Generic),Assigned,ADMIN,5,,
IL-MSE-N/A-053,MOUSE(Generic),MOUSE(Generic),Assigned,CASHIER,5,,
IL-MSE-N/A-054,MOUSE(generic),MOUSE(generic),Assigned,FINANCE,5,,
IL-MSE-N/A-055,MOUSE(Generic),MOUSE(Generic),Assigned,FINANCE,5,,
IL-MSE-N/A-056,MOUSE(A4TECH),MOUSE(A4TECH),Assigned,IT/CCTV,5,,
IL-MSE-N/A-057,MOUSE(A4TECH),MOUSE(A4TECH),Assigned,REGISTRATION,5,,
IL-MSE-N/A-058,MOUSE(GENERIC),MOUSE(GENERIC),Assigned,REGISTRATION,5,,
IL-MSE-N/A-059,MOUSE(Generic),MOUSE(Generic),Assigned,REGISTRATION,5,,
IL-MSE-N/A-060,MOUSE(Generic),MOUSE(Generic),Assigned,REGISTRATION,5,,
IL-MSE-N/A-061,MOUSE(MotoSpeed),MOUSE(MotoSpeed),Assigned,101-ANNEX,5,,
IL-MSE-N/A-062,MOUSE(MotoSpeed),MOUSE(MotoSpeed),Assigned,102-ANNEX,5,,
IL-MSE-N/A-063,MOUSE(MotoSpeed),MOUSE(MotoSpeed),Assigned,103-ANNEX,5,,
IL-MSE-N/A-064,MOUSE(MotoSpeed),MOUSE(MotoSpeed),Assigned,104-ANNEX,5,,
IL-MSE-N/A-065,MOUSE(MotoSpeed),MOUSE(MotoSpeed),Assigned,105-ANNEX,5,,
IL-MSE-N/A-066,MOUSE(MotoSpeed),MOUSE(MotoSpeed),Assigned,106-ANNEX,5,,
IL-MSE-N/A-067,MOUSE(MotoSpeed),MOUSE(MotoSpeed),Assigned,107-ANNEX,5,,
IL-MSE-N/A-068,MOUSE(A4TECH),MOUSE(A4TECH),Assigned,TRAINING-ANNEX,5,,
IL-MSE-N/A-069,MOUSE(HUAWEI),MOUSE(HUAWEI),Assigned,REGISTRATION,5,,
IL-MSE-N/A-070,MOUSE(HUAWEI),MOUSE(HUAWEI),Assigned,REGISTRATION,5,,
IL-MSE-N/A-071,MOUSE (A4TECH),MOUSE (A4TECH),Assigned,Admin,5,,
IL-MSE-N/A-072,MOUSE (PHILLIPS),MOUSE (PHILLIPS),Assigned,ROOM 306,5,,
IL-MSE-N/A-073,MOUSE (A4TECH),MOUSE (A4TECH),Assigned,ROOM302/CARGO,5,,
IL-MSE-N/A-074,MOUSE (A4TECH),MOUSE (A4TECH),Assigned,ROOM302/CARGO,5,,
IL-MSE-N/A-075,MOUSE (A4TECH),MOUSE (A4TECH),Assigned,ROOM302/CARGO,5,,
IL-MSE-N/A-076,MOUSE (FANTECH),MOUSE (FANTECH),Assigned,ROOM302/CARGO,5,,
IL-MSE-N/A-077,MOUSE (ACER),MOUSE (ACER),Assigned,ROOM302/CARGO,5,,
IL-MSE-N/A-078,MOUSE (ACER),MOUSE (ACER),Assigned,ROOM302/CARGO,5,,
IL-MSE-N/A-079,MOUSE (A4TECH),MOUSE (A4TECH),Assigned,ROOM 201,5,,
IL-MSE-N/A-080,MOUSE (A4TECH),MOUSE (A4TECH),Assigned,TRAINING,5,,
IL-MSE-N/A-081,MOUSE (A4TECH),MOUSE (A4TECH),Assigned,TRAINING,5,,
IL-MSE-N/A-082,Mouse(LogicTech),Mouse(LogicTech),Assigned,Quality Assurance,5,,
IL-MSE-N/A-083,Mouse(generic),Mouse(generic),Assigned,Service Support,5,,
IL-MSE-N/A-084,Mouse(generic),Mouse(generic),Assigned,MARKETING,5,,
IL-MSE-N/A-085,Mouse(generic),Mouse(generic),Assigned,MARKETING,5,,
IL-MSE-N/A-086,Mouse(generic),Mouse(generic),Assigned,MARKETING,5,,
IL-MSE-N/A-087,MOUSE(generic),MOUSE(generic),Assigned,MARKETING,5,,
IL-MSE-N/A-088,Mouse(generic),Mouse(generic),Assigned,HR,5,,
IL-MSE-N/A-089,Mouse(LogiTech),Mouse(LogiTech),Assigned,Finance,5,,
IL-MSE-N/A-090,Mouse(A4TECH),Mouse(A4TECH),Assigned,Registration,5,,
IL-MSE-N/A-091,Mouse(A4TECH),Mouse(A4TECH),Assigned,Registration,5,,
IL-MSE-N/A-092,Mouse(A4TECH),Mouse(A4TECH),Assigned,REGISTRATION,5,,
IL-MSE-N/A-093,Mouse(A4TECH),Mouse(A4TECH),Assigned,REGISTRATION,5,,
IL-MSE-N/A-094,Mouse(A4TECH),Mouse(A4TECH),Assigned,INSTRUCTOR BRIDGE,5,,
IL-MSE-N/A-095,MOUSE (ACER),MOUSE (ACER),Assigned,ERS Station 4,5,,
IL-MSE-N/A-096,MOUSE (ACER),MOUSE (ACER),Assigned,ROOM 104,5,,
IL-MSE-N/A-097,MOUSE (ACER),MOUSE (ACER),Assigned,PAD SERVER,5,,
IL-MSE-N/A-098,Mouse(A4TECH),Mouse(A4TECH),Assigned,PAD SERVER,5,,
IL-MSE-N/A-099,Mouse(A4TECH),Mouse(A4TECH),Assigned,ECDIS SERVER,5,,
IL-MSE-N/A-100,Mouse(A4TECH),Mouse(A4TECH),Assigned,ECDIS SERVER,5,,
IL-MSE-N/A-101,MOUSE (ACER),MOUSE (ACER),Assigned,ECDIS SERVER,5,,
IL-MSE-N/A-102,MOUSE (PHILLIPS),MOUSE (PHILLIPS),Assigned,ECDIS SERVER,5,,
IL-MSE-N/A-103,MOUSE (LENOVO),MOUSE (LENOVO),Assigned,ECDIS SERVER,5,,
IL-MSE-N/A-104,MOUSE (LENOVO),MOUSE (LENOVO),Assigned,ECDIS SERVER / AMANGS,5,,
IL-MSE-N/A-105,MOUSE(A4TECH),MOUSE(A4TECH),Assigned,ANNEX SERVER,5,,
IL-MSE-N/A-106,MOUSE (ACER),MOUSE (ACER),Assigned,ROOM 101,5,,
IL-MSE-N/A-107,MOUSE(A4TECH),MOUSE(A4TECH),Assigned,ROOM 101,5,,
IL-MSE-N/A-108,MOUSE(A4TECH),MOUSE(A4TECH),Assigned,ROOM 101,5,,
IL-MSE-N/A-109,MOUSE(A4TECH),MOUSE(A4TECH),Assigned,ROOM 101,5,,
IL-MSE-N/A-110,MOUSE(A4TECH),MOUSE(A4TECH),Assigned,ROOM 101,5,,
IL-MSE-N/A-111,MOUSE(A4TECH),MOUSE(A4TECH),Assigned,ROOM 101,5,,
IL-MSE-N/A-112,MOUSE(A4TECH),MOUSE(A4TECH),Assigned,POTOTAN SITE,5,,
IL-MSE-N/A-113,MOUSE(A4TECH),MOUSE(A4TECH),Assigned,POTOTAN SITE,5,,
IL-MSE-N/A-114,MOUSE(A4TECH),MOUSE(A4TECH),Assigned,POTOTAN SITE,5,,
IL-MSE-N/A-115,MOUSE(A4TECH),MOUSE(A4TECH),Assigned,POTOTAN SITE,5,,
IL-MSE-N/A-116,MOUSE(A4TECH),MOUSE(A4TECH),Assigned,POTOTAN SITE,5,,
IL-MSE-N/A-117,MOUSE(RAPOO),MOUSE(RAPOO),Assigned,POTOTAN SITE,5,,
IL-MSE-N/A-118,MOUSE(A4TECH),MOUSE(A4TECH),Assigned,POTOTAN SITE,5,,
IL-MSE-N/A-119,MOUSE(A4TECH),MOUSE(A4TECH),Assigned,ROOM 101 SITE,5,,
IL-MSE-N/A-120,MOUSE(A4TECH),MOUSE(A4TECH),Assigned,ROOM 102 SITE,5,,
IL-MSE-N/A-121,MOUSE(A4TECH),MOUSE(A4TECH),Assigned,CONFERENCE SITE,5,,
IL-MSE-N/A-122,MOUSE(A4TECH),MOUSE(A4TECH),Assigned,ROOM 108,5,,
IL-MSE-2025-123,MOUSE(LOGITECH),MOUSE(LOGITECH),Assigned,TRAINING,5,,
IL-MSE-2025-124,MOUSE(LOGITECH),MOUSE(LOGITECH),Assigned,108 - IGF SIMULATOR,5,,
IL-MSE-2025-125,MOUSE(LOGITECH),MOUSE(LOGITECH),Assigned,108 - IGF SIMULATOR,5,,
IL-MSE-2025-126,MOUSE(LOGITECH),MOUSE(LOGITECH),Assigned,108 - IGF SIMULATOR,5,,
IL-MSE-2025-127,MOUSE(LOGITECH),MOUSE(LOGITECH),Assigned,108 - IGF SIMULATOR,5,,
IL-MSE-2025-128,MOUSE(LOGITECH),MOUSE(LOGITECH),Assigned,108 - IGF SIMULATOR,5,,
IL-MSE-2025-129,MOUSE(LOGITECH),MOUSE(LOGITECH),Assigned,108 - IGF SIMULATOR,5,,
IL-MSE-2025-130,MOUSE(LOGITECH),MOUSE(LOGITECH),Assigned,108 - IGF SIMULATOR,5,,
IL-MSE-N/A-131,MOUSE(RTM019),MOUSE(RTM019),Assigned,INSTRUCTOR BRIDGE,5,,
IL-UPS-N/A-001,UPS (SECURE),UPS (SECURE),Assigned,PAD DEPT,5,,
IL-UPS-N/A-002,UPS (INTEX),UPS (INTEX),Assigned,PAD DEPT,5,,
IL-UPS-N/A-003,UPS (AWP),UPS (AWP),Assigned,ROOM 302,5,,
IL-UPS-N/A-004,UPS (AWP),UPS (AWP),Assigned,ROOM 203,5,,
IL-UPS-N/A-005,UPS (SECURE),UPS (SECURE),Assigned,ROOM 204,5,,
IL-UPS-N/A-006,UPS (ABLEREX),UPS (ABLEREX),Assigned,ERS INSTRUCTOR,5,,
IL-UPS-N/A-007,UPS (AWP),UPS (AWP),Assigned,ERS Station 1,5,,
IL-UPS-N/A-008,UPS (ABLEREX),UPS (ABLEREX),Assigned,ERS Station 2,5,,
IL-UPS-N/A-009,UPS (CYBERPOWER),UPS (CYBERPOWER),Assigned,ERS Station 3,5,,
IL-UPS-N/A-010,UPS (ABLEREX),UPS (ABLEREX),Assigned,ERS Station 4,5,,
IL-UPS-N/A-011,UPS (ABLEREX),UPS (ABLEREX),Assigned,ERS Station 5,5,,
IL-UPS-N/A-012,UPS (ABLEREX),UPS (ABLEREX),Assigned,ERS Station 6,5,,
IL-UPS-N/A-013,UPS (ABLEREX),UPS (ABLEREX),Assigned,ERS Station 7,5,,
IL-UPS-N/A-014,UPS (AWP),UPS (AWP),Assigned,ERS Station 8,5,,
IL-UPS-N/A-015,UPS (AWP),UPS (AWP),Assigned,INSTRUCTOR BRIDGE,5,,
IL-UPS-N/A-016,UPS (AWP),UPS (AWP),Assigned,INSTRUCTOR BRIDGE,5,,
IL-UPS-N/A-017,UPS (cyber),UPS (cyber),Assigned,INSTRUCTOR BRIDGE,5,,
IL-UPS-N/A-018,UPS (AWP),UPS (AWP),Assigned,INSTRUCTOR BRIDGE,5,,
IL-UPS-N/A-019,UPS (EMERSON),UPS (EMERSON),Assigned,BRIDGE 1,5,,
IL-UPS-N/A-020,UPS (EMERSON),UPS (EMERSON),Assigned,BRIDGE 1,5,,
IL-UPS-N/A-021,UPS (EMERSON),UPS (EMERSON),Assigned,BRIDGE 1,5,,
IL-UPS-N/A-022,UPS (EMERSON),UPS (EMERSON),Assigned,BRIDGE 1,5,,
IL-UPS-N/A-023,UPS (EMERSON),UPS (EMERSON),Assigned,BRIDGE 3,5,,
IL-UPS-N/A-024,UPS (EMERSON),UPS (EMERSON),Assigned,BRIDGE 2,5,,
IL-UPS-N/A-025,UPS (EMERSON),UPS (EMERSON),Assigned,BRIDGE 2,5,,
IL-UPS-N/A-026,UPS (EMERSON),UPS (EMERSON),Assigned,BRIDGE 3,5,,
IL-UPS-N/A-027,UPS (EMERSON),UPS (EMERSON),Assigned,BRIDGE 3,5,,
IL-UPS-N/A-028,UPS (EMERSON),UPS (EMERSON),Assigned,BRIDGE 3,5,,
IL-UPS-N/A-029,UPS (CYBERPOWER),UPS (CYBERPOWER),Assigned,BRIDGE 4,5,,
IL-UPS-N/A-030,UPS (EMERSON),UPS (EMERSON),Assigned,BRIDGE 4,5,,
IL-UPS-N/A-031,UPS (EMERSON),UPS (EMERSON),Assigned,BRIDGE 4,5,,
IL-UPS-N/A-032,UPS (IDEAL),UPS (IDEAL),Assigned,BRIDGE 5,5,,
IL-UPS-N/A-033,UPS (EMERSON),UPS (EMERSON),Assigned,BRIDGE 5,5,,
IL-UPS-N/A-034,UPS (EMERSON),UPS (EMERSON),Assigned,BRIDGE 5,5,,
IL-UPS-N/A-035,UPS (SECURE),UPS (SECURE),Assigned,FMB,5,,
IL-UPS-N/A-036,UPS (SECURE),UPS (SECURE),Assigned,FMB,5,,
IL-UPS-N/A-037,UPS (SECURE),UPS (SECURE),Assigned,FMB,5,,
IL-UPS-N/A-038,UPS (SECURE),UPS (SECURE),Assigned,FMB,5,,
IL-UPS-N/A-039,UPS (AWP),UPS (AWP),Assigned,FMB,5,,
IL-UPS-N/A-040,UPS (IDEAL),UPS (IDEAL),Assigned,FMB,5,,
IL-UPS-N/A-041,UPS (SECURE),UPS (SECURE),Assigned,FMB,5,,
IL-UPS-N/A-042,UPS (AWP),UPS (AWP),Assigned,TRAINING,5,,
IL-UPS-N/A-043,UPS (AWP),UPS (AWP),Assigned,TRAINING,5,,
IL-UPS-N/A-044,UPS (INTEX),UPS (INTEX),Assigned,ROOM 101,5,,
IL-UPS-N/A-045,UPS (AWP),UPS (AWP),Assigned,ROOM 102,5,,
IL-UPS-N/A-046,UPS (SECURE),UPS (SECURE),Assigned,ROOM 103,5,,
IL-UPS-N/A-047,UPS (SECURE),UPS (SECURE),Assigned,ROOM103/LCHS,5,,
IL-UPS-N/A-048,UPS (SECURE),UPS (SECURE),Assigned,ROOM103/LCHS,5,,
IL-UPS-N/A-049,UPS (SECURE),UPS (SECURE),Assigned,ROOM103/LCHS,5,,
IL-UPS-N/A-050,UPS (SECURE),UPS (SECURE),Assigned,ROOM103/LCHS,5,,
IL-UPS-N/A-051,UPS (AWP),UPS (AWP),Assigned,ROOM 105,5,,
IL-UPS-N/A-052,UPS (AWP),UPS (AWP),Assigned,ROOM 106,5,,
IL-UPS-N/A-053,UPS (AWP),UPS (AWP),Assigned,ROOM 107,5,,
IL-UPS-N/A-054,UPS (AWP),UPS (AWP),Assigned,ROOM 108,5,,
IL-UPS-N/A-055,UPS(AWP),UPS(AWP),Assigned,TRAINING,5,,
IL-UPS-N/A-056,UPS(AWP),UPS(AWP),Assigned,ADMIN,5,,
IL-UPS-N/A-057,UPS(AWP),UPS(AWP),Assigned,ADMIN,5,,
IL-UPS-N/A-058,UPS(AWP),UPS(AWP),Assigned,CASHIER,5,,
IL-UPS-N/A-059,UPS(AWP),UPS(AWP),Assigned,FINANCE,5,,
IL-UPS-N/A-060,UPS(Intex),UPS(Intex),Assigned,FINANCE,5,,
IL-UPS-N/A-061,UPS(AWP),UPS(AWP),Assigned,IT/CCTV,5,,
IL-UPS-N/A-062,UPS(APC),UPS(APC),Assigned,REGISTRATION,5,,
IL-UPS-N/A-063,UPS(AWP),UPS(AWP),Assigned,REGISTRATION,5,,
IL-UPS-N/A-064,UPS(AWP),UPS(AWP),Assigned,REGISTRATION,5,,
IL-UPS-N/A-065,UPS(AWP),UPS(AWP),Assigned,REGISTRATION,5,,
IL-UPS-N/A-066,UPS(AWP),UPS(AWP),Assigned,101-ANNEX,5,,
IL-UPS-N/A-067,UPS(AWP),UPS(AWP),Assigned,102-ANNEX,5,,
IL-UPS-N/A-068,UPS(AWP),UPS(AWP),Assigned,103-ANNEX,5,,
IL-UPS-N/A-069,UPS(AWP),UPS(AWP),Assigned,104-ANNEX,5,,
IL-UPS-N/A-070,UPS(AWP),UPS(AWP),Assigned,105-ANNEX,5,,
IL-UPS-N/A-071,UPS(AWP),UPS(AWP),Assigned,106-ANNEX,5,,
IL-UPS-N/A-072,UPS(AWP),UPS(AWP),Assigned,107-ANNEX,5,,
IL-UPS-N/A-073,UPS(AWP),UPS(AWP),Assigned,TRAINING-ANNEX,5,,
IL-UPS-N/A-074,UPS(AWP),UPS(AWP),Assigned,REGISTRATION,5,,
IL-UPS-N/A-075,UPS(AWP),UPS(AWP),Assigned,REGISTRATION,5,,
IL-UPS-N/A-076,UPS(AWP),UPS(AWP),Assigned,BRIDGE 3,5,,
IL-UPS-N/A-077,UPS(CYBERPOWER),UPS(CYBERPOWER),Assigned,INSTRUCTOR BRIDGE,5,,
IL-UPS-N/A-078,UPS(EMERSON),UPS(EMERSON),Assigned,INSTRUCTOR BRIDGE,5,,
IL-UPS-N/A-079,UPS(AWP),UPS(AWP),Assigned,ROOM 104,5,,
IL-UPS-N/A-080,UPS(AWP),UPS(AWP),Assigned,PAD SERVER,5,,
IL-UPS-N/A-081,UPS(INTEX),UPS(INTEX),Assigned,PAD SERVER,5,,
IL-UPS-N/A-082,UPS(INTEX),UPS(INTEX),Assigned,PAD SERVER,5,,
IL-UPS-N/A-083,UPS(AWP),UPS(AWP),Assigned,PAD SERVER,5,,
IL-UPS-N/A-084,UPS(CYBERPOWER),UPS(CYBERPOWER),Assigned,PAD SERVER,5,,
IL-UPS-N/A-085,UPS(APC),UPS(APC),Assigned,FMB,5,,
IL-UPS-N/A-086,UPS(APC),UPS(APC),Assigned,FMB,5,,
IL-UPS-N/A-087,UPS(APC),UPS(APC),Assigned,FMB,5,,
IL-UPS-N/A-088,UPS(APC),UPS(APC),Assigned,FMB,5,,
IL-UPS-N/A-089,UPS(APC),UPS(APC),Assigned,FMB,5,,
IL-UPS-N/A-090,UPS(APC),UPS(APC),Assigned,FMB,5,,
IL-UPS-N/A-091,UPS(APC),UPS(APC),Assigned,INSTRUCTOR BRIDGE,5,,
IL-UPS-N/A-092,UPS(AWP),UPS(AWP),Assigned,PAD SERVER,5,,
IL-UPS-N/A-093,UPS(AWP),UPS(AWP),Assigned,PAD SERVER,5,,
IL-UPS-N/A-094,UPS (SECURE),UPS (SECURE),Assigned,PAD SERVER,5,,
IL-UPS-N/A-095,UPS(APC),UPS(APC),Assigned,ANNEX SERVER,5,,
IL-UPS-N/A-096,UPS(AWP),UPS(AWP),Assigned,ANNEX SERVER,5,,
PO-UPS-2023-001,UPS( AWP),UPS( AWP),Assigned,ROOM 101 POTOTAN,5,,
PO-UPS-2023-002,UPS(INTEX),UPS(INTEX),Assigned,ROOM 102  POTOTAN,5,,
PO-UPS-2023-003,UPS( AWP),UPS( AWP),Assigned,ADMIN  POTOTAN,5,,
PO-UPS-2023-004,UPS(AWP),UPS(AWP),Assigned,ADMIN  POTOTAN,5,,
PO-UPS-2023-005,UPS(AWP),UPS(AWP),Assigned,ADMIN  POTOTAN,5,,
PO-UPS-2023-006,UPS(AWP),UPS(AWP),Assigned,ADMIN  POTOTAN,5,,
,,,Assigned,,5,,
IL-UPS-2024-104,UPS(APC),UPS(APC),Assigned,INSTRUCTOR BRIDGE,5,,
IL-UPS-2024-105,UPS(APC),UPS(APC),Assigned,BRIDGE 1,5,,
IL-UPS-2024-106,UPS(APC),UPS(APC),Assigned,BRIDGE 1,5,,
IL-UPS-2024-107,UPS(APC),UPS(APC),Assigned,BRIDGE 1,5,,
IL-UPS-2024-108,UPS(APC),UPS(APC),Assigned,BRIDGE 1,5,,
IL-UPS-2024-109,UPS(APC),UPS(APC),Assigned,BRIDGE 4,5,,
IL-UPS-2024-110,UPS(APC),UPS(APC),Assigned,BRIDGE 3,5,,
IL-UPS-2024-111,UPS(APC),UPS(APC),Assigned,BRIDGE 4,5,,
IL-UPS-2024-112,UPS(APC),UPS(APC),Assigned,BRIDGE 3,5,,
IL-UPS-2024-113,UPS(APC),UPS(APC),Assigned,BRIDGE 5,5,,
IL-UPS-2024-114,UPS(APC),UPS(APC),Assigned,BRIDGE 5,5,,
IL-UPS-2024-115,UPS(APC),UPS(APC),Assigned,BRIDGE 5,5,,
IL-UPS-2024-116,UPS(APC),UPS(APC),Assigned,ERS INSTRUCTOR,5,,
IL-UPS-2024-117,UPS(APC),UPS(APC),Assigned,ERS Station 5,5,,
IL-UPS-2024-118,UPS(APC),UPS(APC),Assigned,ERS Station 6,5,,
IL-UPS-2024-119,UPS(APC),UPS(APC),Assigned,PAD SERVER,5,,
IL-UPS-2025-120,UPS(APC),UPS(APC),Assigned,108 - IGF SIMULATOR,5,,
IL-UPS-2025-121,UPS(APC),UPS(APC),Assigned,108 - IGF SIMULATOR,5,,
IL-UPS-2025-122,UPS(APC),UPS(APC),Assigned,108 - IGF SIMULATOR,5,,
IL-UPS-2025-123,UPS(APC),UPS(APC),Assigned,108 - IGF SIMULATOR,5,,
IL-UPS-2025-124,UPS(APC),UPS(APC),Assigned,108 - IGF SIMULATOR,5,,
IL-UPS-2025-125,UPS(APC),UPS(APC),Assigned,108 - IGF SIMULATOR,5,,
IL-UPS-2025-126,UPS(APC),UPS(APC),Assigned,108 - IGF SIMULATOR,5,,
IL-SPE-N/A-001,SPEAKER(JABRA),SPEAKER(JABRA),Assigned,ANNEX,5,,
IL-SPE-N/A-002,SPEAKER (LOGITECH),SPEAKER (LOGITECH),Assigned,BRIDGE 1,5,,
IL-SPE-N/A-003,SPEAKER(LOGITECH),SPEAKER(LOGITECH),Assigned,BRIDGE 1,5,,
IL-SPE-N/A-004,SPEAKER(LOGITECH),SPEAKER(LOGITECH),Assigned,BRIDGE 1,5,,
IL-SPE-N/A-005,SPEAKER(LOGITECH),SPEAKER(LOGITECH),Assigned,BRIDGE 2,5,,
IL-SPE-N/A-006,SPEAKER(LOGITECH),SPEAKER(LOGITECH),Assigned,BRIDGE 2,5,,
IL-SPE-N/A-007,SPEAKER (LOGITECH),SPEAKER (LOGITECH),Assigned,BRIDGE 3,5,,
IL-SPE-N/A-008,SPEAKER (LOGITECH),SPEAKER (LOGITECH),Assigned,BRIDGE 3,5,,
IL-SPE-N/A-009,SPEAKER (LOGITECH),SPEAKER (LOGITECH),Assigned,BRIDGE 4,5,,
IL-SPE-N/A-010,SPEAKER (LOGITECH),SPEAKER (LOGITECH),Assigned,BRIDGE 4,5,,
IL-SPE-N/A-011,SPEAKER (LOGITECH),SPEAKER (LOGITECH),Assigned,BRIDGE 5,5,,
IL-SPE-N/A-012,SPEAKER (LOGITECH),SPEAKER (LOGITECH),Assigned,BRIDGE 5,5,,
IL-SPE-N/A-013,SPEAKER (LOGITECH),SPEAKER (LOGITECH),Assigned,BRIDGE 5,5,,
IL-SPE-N/A-014,SPEAKER (LOGITECH),SPEAKER (LOGITECH),Assigned,TRAINING-ANNEX,5,,
IL-SPE-N/A-015,SPEAKER (LOGITECH),SPEAKER (LOGITECH),Assigned,ROOM 101,5,,
IL-SPE-N/A-016,SPEAKER (CREATIVE),SPEAKER (CREATIVE),Assigned,ROOM 102,5,,
IL-SPE-N/A-017,SPEAKER (LOGITECH),SPEAKER (LOGITECH),Assigned,ROOM 105,5,,
IL-SPE-N/A-018,SPEAKER (CREATIVE),SPEAKER (CREATIVE),Assigned,FMB,5,,
IL-SPE-N/A-019,SPEAKER (LOGITECH),SPEAKER (LOGITECH),Assigned,PAD SERVER,5,,
IL-SPE-N/A-020,SPEAKER (LOGITECH),SPEAKER (LOGITECH),Assigned,TRAINING,5,,
IL-SPE-N/A-021,SPEAKER (LOGITECH),SPEAKER (LOGITECH),Assigned,TRAINING,5,,
IL-SPE-N/A-022,SPEAKER (LOGITECH),SPEAKER (LOGITECH),Assigned,ROOM103/LCHS,5,,
IL-SPE-N/A-023,SPEAKER (LOGITECH),SPEAKER (LOGITECH),Assigned,PAD SERVER,5,,
IL-SPE-N/A-024,SPEAKER (LOGITECH),SPEAKER (LOGITECH),Assigned,PAD DEPT,5,,
IL-SPE-N/A-025,SPEAKER (CREATIVE),SPEAKER (CREATIVE),Assigned,PAD DEPT,5,,
IL-SPE-N/A-026,SPEAKER (LOGITECH),SPEAKER (LOGITECH),Assigned,PAD SERVER,5,,
IL-SPE-N/A-027,SPEAKER (LOGITECH),SPEAKER (LOGITECH),Assigned,ANNEX SERVER,5,,
IL-SPE-N/A-028,SPEAKER (CREATIVE),SPEAKER (CREATIVE),Assigned,ANNEX-102,5,,
IL-HST-N/A-001,Headset (LOGITECH),Headset (LOGITECH),Assigned,ERS Station 1,5,,
IL-HST-N/A-002,Headset (LOGITECH),Headset (LOGITECH),Assigned,ERS Station 2,5,,
IL-HST-N/A-003,Headset (LOGITECH),Headset (LOGITECH),Assigned,ERS Station 3,5,,
IL-HST-N/A-004,Headset (LOGITECH),Headset (LOGITECH),Assigned,ERS Station 4,5,,
IL-HST-N/A-005,Headset (LOGITECH),Headset (LOGITECH),Assigned,ERS Station 5,5,,
IL-HST-N/A-006,Headset (LOGITECH),Headset (LOGITECH),Assigned,ERS Station 6,5,,
IL-HST-N/A-007,Headset (LOGITECH),Headset (LOGITECH),Assigned,ERS Station 7,5,,
IL-HST-N/A-008,Headset (LOGITECH),Headset (LOGITECH),Assigned,ERS Station 8,5,,
IL-HST-N/A-009,Headset (LOGITECH),Headset (LOGITECH),Assigned,PAD SERVER,5,,
IL-HST-N/A-010,Headset (LOGITECH),Headset (LOGITECH),Assigned,PAD SERVER,5,,
IL-HST-N/A-011,Headset (LOGITECH),Headset (LOGITECH),Assigned,PAD SERVER,5,,
IL-HST-N/A-012,Headset (LOGITECH),Headset (LOGITECH),Assigned,PAD SERVER,5,,
IL-HST-N/A-013,Headset (LOGITECH),Headset (LOGITECH),Assigned,PAD SERVER,5,,
IL-HST-N/A-014,Headset (LOGITECH),Headset (LOGITECH),Assigned,PAD SERVER,5,,
IL-HST-N/A-015,Headset (LOGITECH),Headset (LOGITECH),Assigned,PAD SERVER,5,,
IL-HST-N/A-016,Headset (LOGITECH),Headset (LOGITECH),Assigned,PAD SERVER,5,,
IL-HST-N/A-017,Headset (LOGITECH),Headset (LOGITECH),Assigned,PAD SERVER,5,,
IL-HST-N/A-018,Headset (A4TECH),Headset (A4TECH),Assigned,PAD SERVER,5,,
IL-PRT-N/A-001,PRINTER (EPSON),PRINTER (EPSON),Assigned,PAD,5,,
IL-PRT-N/A-002,PRINTER (EPSON),PRINTER (EPSON),Assigned,ERS STATION,5,,
IL-PRT-N/A-003,PRINTER (EPSON),PRINTER (EPSON),Assigned,IT,5,,
IL-PRT-N/A-004,PRINTER (EPSON),PRINTER (EPSON),Assigned,TRAINING,5,,
IL-PRT-N/A-005,PRINTER (EPSON),PRINTER (EPSON),Assigned,TRAINING,5,,
IL-PRT-N/A-006,PRINTER(Epson M1120),PRINTER(Epson M1120),Assigned,TRAINING,5,,
IL-PRT-N/A-007,PRINTER(EPSON L6190),PRINTER(EPSON L6190),Assigned,ADMIN,5,,
IL-PRT-N/A-008,PRINTER(Epson L6190),PRINTER(Epson L6190),Assigned,ADMIN,5,,
IL-PRT-N/A-009,PRINTER(Epson LX-310),PRINTER(Epson LX-310),Assigned,CASHIER,5,,
IL-PRT-N/A-010,Printer(Epson L6490),Printer(Epson L6490),Assigned,Finance,5,,
IL-PRT-N/A-011,Printer(Epson L5290),Printer(Epson L5290),Assigned,Registration,5,,
IL-PRT-N/A-012,Printer(Epson L5290),Printer(Epson L5290),Assigned,Service Support,5,,
IL-PRT-N/A-013,Printer(EPSON L5190),Printer(EPSON L5190),Assigned,MARKETING,5,,
IL-PRT-N/A-014,Printer(EPSON L5290),Printer(EPSON L5290),Assigned,HR,5,,
IL-PRT-N/A-015,Printer(Epson L6490),Printer(Epson L6490),Assigned,Registration,5,,
IL-PRT-N/A-016,PRINTER(Epson L3210),PRINTER(Epson L3210),Assigned,TRAINING-ANNEX,5,,
PO-PTR-2018-001,PRINTER (EPSON L360 SERIES),PRINTER (EPSON L360 SERIES),Assigned,POTOTAN SITE,5,,
PO-PTR-2022-002,PRINTER (EPSON L5190),PRINTER (EPSON L5190),Assigned,POTOTAN SITE,5,,
IL-PRT-N/A-019,PRINTER (EPSON),PRINTER (EPSON),Assigned,POTOTAN SITE,5,,
IL-PRT-N/A-020,PRINTER (EPSON),PRINTER (EPSON),Assigned,POTOTAN SITE,5,,
IL-PRT-N/A-021,PRINTER (BROTHER),PRINTER (BROTHER),Assigned,POTOTAN SITE,5,,
IL-PRT-N/A-022,PRINTER (EPSON),PRINTER (EPSON),Assigned,ERS LAB,5,,
IL-PRT-2025-023,PRINTER (FUJIFILM ),PRINTER (FUJIFILM ),Assigned,ANNEX,5,,
IL-TAB-N/A-001,TABLET(HUAWEI),TABLET(HUAWEI),Assigned,Registration,5,,
IL-TAB-N/A-002,TABLET(HUAWEI),TABLET(HUAWEI),Assigned,Registration,5,,
IL-TAB-N/A-003,TABLET(HUAWEI),TABLET(HUAWEI),Assigned,Registration,5,,
IL-TAB-N/A-004,TABLET(HUAWEI),TABLET(HUAWEI),Assigned,Registration,5,,
IL-TAB-N/A-005,TABLET(HUAWEI),TABLET(HUAWEI),Assigned,Registration,5,,
IL-TAB-N/A-006,TABLET(HUAWEI),TABLET(HUAWEI),Assigned,Registration,5,,
IL-TAB-N/A-007,TABLET(HUAWEI),TABLET(HUAWEI),Assigned,Registration,5,,
IL-TAB-N/A-008,TABLET(HUAWEI),TABLET(HUAWEI),Assigned,Registration,5,,
IL-TAB-N/A-009,TABLET(HUAWEI),TABLET(HUAWEI),Assigned,Registration,5,,
IL-TAB-N/A-010,TABLET(HUAWEI),TABLET(HUAWEI),Assigned,Registration,5,,
IL-TAB-N/A-011,TABLET(HUAWEI),TABLET(HUAWEI),Assigned,Registration,5,,
IL-TAB-N/A-012,TABLET(HUAWEI),TABLET(HUAWEI),Assigned,POTOTAN SITE,5,,
IL-TAB-N/A-013,TABLET(HUAWEI),TABLET(HUAWEI),Assigned,POTOTAN SITE,5,,
IL-SWT-N/A-001,SWITCH(D-LINK),SWITCH(D-LINK),Assigned,PAD SERVER,5,,
IL-SWT-N/A-002,SWITCH(TP-LINK),SWITCH(TP-LINK),Assigned,ANNEX SERVER,5,,
IL-SWT-N/A-003,SWITCH(TP-LINK),SWITCH(TP-LINK),Assigned,ANNEX SERVER,5,,
IL-SWT-N/A-003,SWITCH(MERCUSYS),SWITCH(MERCUSYS),Assigned,ANNEX SERVER,5,,
PO-SWT-N/A-001,SWITCH(TP-LINK),SWITCH(TP-LINK),Assigned,POTOTAN SITE,5,,
IL-SWT-N/A-005,SWITCH(TP-LINK),SWITCH(TP-LINK),Assigned,108 - IGF SIMULATOR,5,,
IL-CAM-N/A-001,WEBCAM(INPLAY),WEBCAM(INPLAY),Assigned,PAD SERVER,5,,
IL-CAM-N/A-002,WEBCAM(INPLAY),WEBCAM(INPLAY),Assigned,PAD SERVER,5,,
IL-CAM-N/A-003,WEBCAM(A4TECH),WEBCAM(A4TECH),Assigned,PAD SERVER,5,,
IL-CAM-N/A-004,WEBCAM(A4TECH),WEBCAM(A4TECH),Assigned,PAD SERVER,5,,
IL-CAM-N/A-005,WEBCAM(A4TECH),WEBCAM(A4TECH),Assigned,PAD SERVER,5,,
IL-CAM-N/A-006,WEBCAM(A4TECH),WEBCAM(A4TECH),Assigned,PAD SERVER,5,,
IL-CAM-N/A-007,WEBCAM(A4TECH),WEBCAM(A4TECH),Assigned,PAD SERVER,5,,
IL-CAM-N/A-008,WEBCAM(A4TECH),WEBCAM(A4TECH),Assigned,PAD DEPT,5,,
IL-CAM-N/A-009,WEBCAM(BADWOLF),WEBCAM(BADWOLF),Assigned,PAD SERVER,5,,
IL-CAM-N/A-010,WEBCAM(A4TECH),WEBCAM(A4TECH),Assigned,TRAINING,5,,
IL-CAM-N/A-011,WEBCAM(LOGITECH),WEBCAM(LOGITECH),Assigned,TRAINING,5,,
IL-CAM-N/A-012,WEBCAM(INPLAY),WEBCAM(INPLAY),Assigned,Annex,5,,
IL-CAM-N/A-013,WEBCAM(BadWolf),WEBCAM(BadWolf),Assigned,Annex,5,,
IL-CAM-N/A-014,WEBCAM(A4Tech),WEBCAM(A4Tech),Assigned,Annex,5,,
IL-CAM-N/A-015,WEBCAM(INPLAY),WEBCAM(INPLAY),Assigned,Annex-Server,5,,
PO-CAM-N/A-001,WEBCAM(INPLAY),WEBCAM(INPLAY),Assigned,POTOTAN SITE,5,,
IL-SIG-2025-001,SIGNAL BOOSTER,SIGNAL BOOSTER,Assigned,ANNEX,5,,
PO-TVM-2022-005,TV MONITOR(TCL),TV MONITOR(TCL),Assigned,STAFF HOUSE,5,,
IL-SWT-N/A-006,SWITCH(D-LINK),SWITCH(D-LINK),Assigned,BRIDGE,5,,
IL-SWT-N/A-007,SWITCH(D-LINK),SWITCH(D-LINK),Assigned,BRIDGE,5,,
IL-SWT-N/A-008,SWITCH(D-LINK),SWITCH(D-LINK),Assigned,BRIDGE,5,,
IL-SWT-N/A-009,SWITCH,SWITCH,Assigned,FMB,5,,
IL-UPS-2025-127,UPS(APC),UPS(APC),Assigned,BRIDGE 2,5,,
